[0m20:35:18.097683 [debug] [MainThread]: Sending event: {'category': 'dbt', 'action': 'invocation', 'label': 'start', 'context': [<snowplow_tracker.self_describing_json.SelfDescribingJson object at 0x106736c50>, <snowplow_tracker.self_describing_json.SelfDescribingJson object at 0x1067a7f90>, <snowplow_tracker.self_describing_json.SelfDescribingJson object at 0x1067a7e90>]}


============================== 20:35:18.100739 | b8f258db-3c3a-403d-8ddf-aacf999418f0 ==============================
[0m20:35:18.100739 [info ] [MainThread]: Running with dbt=1.8.7
[0m20:35:18.101043 [debug] [MainThread]: running dbt with arguments {'printer_width': '80', 'indirect_selection': 'eager', 'log_cache_events': 'False', 'write_json': 'True', 'partial_parse': 'True', 'cache_selected_only': 'False', 'profiles_dir': '.', 'fail_fast': 'False', 'version_check': 'True', 'log_path': '/Users/liamtabibzadeh/Documents/hobby/SummaryAI/transform/ecommerce_metrics/logs', 'debug': 'False', 'warn_error': 'None', 'use_colors': 'True', 'use_experimental_parser': 'False', 'no_print': 'None', 'quiet': 'False', 'empty': 'None', 'log_format': 'default', 'introspect': 'True', 'invocation_command': 'dbt debug --profiles-dir .', 'static_parser': 'True', 'target_path': 'None', 'warn_error_options': 'WarnErrorOptions(include=[], exclude=[])', 'send_anonymous_usage_stats': 'True'}
[0m20:35:18.109455 [info ] [MainThread]: dbt version: 1.8.7
[0m20:35:18.109641 [info ] [MainThread]: python version: 3.11.5
[0m20:35:18.109790 [info ] [MainThread]: python path: /Users/liamtabibzadeh/anaconda3/bin/python
[0m20:35:18.109915 [info ] [MainThread]: os info: macOS-14.6.1-arm64-arm-64bit
[0m20:35:18.112366 [error] [MainThread]: Encountered an error:
Parsing Error
  Env var required but not provided: 'GCP_PROJECT'
[0m20:35:18.126950 [debug] [MainThread]: Resource report: {"command_name": "debug", "command_wall_clock_time": 0.062110834, "process_user_time": 0.53393, "process_kernel_time": 0.106266, "process_mem_max_rss": "95649792", "command_success": false, "process_in_blocks": "0", "process_out_blocks": "0"}
[0m20:35:18.127245 [debug] [MainThread]: Command `dbt debug` failed at 20:35:18.127200 after 0.06 seconds
[0m20:35:18.127415 [debug] [MainThread]: Sending event: {'category': 'dbt', 'action': 'invocation', 'label': 'end', 'context': [<snowplow_tracker.self_describing_json.SelfDescribingJson object at 0x10672add0>, <snowplow_tracker.self_describing_json.SelfDescribingJson object at 0x106795490>, <snowplow_tracker.self_describing_json.SelfDescribingJson object at 0x106a064d0>]}
[0m20:35:18.127577 [debug] [MainThread]: Flushing usage events
[0m20:40:24.552539 [debug] [MainThread]: Sending event: {'category': 'dbt', 'action': 'invocation', 'label': 'start', 'context': [<snowplow_tracker.self_describing_json.SelfDescribingJson object at 0x1044fb8d0>, <snowplow_tracker.self_describing_json.SelfDescribingJson object at 0x1044fb2d0>, <snowplow_tracker.self_describing_json.SelfDescribingJson object at 0x104589910>]}


============================== 20:40:24.555220 | 79da6d7b-d057-40af-ba74-7d45e0edd9ce ==============================
[0m20:40:24.555220 [info ] [MainThread]: Running with dbt=1.8.7
[0m20:40:24.555520 [debug] [MainThread]: running dbt with arguments {'printer_width': '80', 'indirect_selection': 'eager', 'log_cache_events': 'False', 'write_json': 'True', 'partial_parse': 'True', 'cache_selected_only': 'False', 'profiles_dir': '.', 'fail_fast': 'False', 'debug': 'False', 'log_path': '/Users/liamtabibzadeh/Documents/hobby/SummaryAI/transform/ecommerce_metrics/logs', 'version_check': 'True', 'warn_error': 'None', 'use_colors': 'True', 'use_experimental_parser': 'False', 'no_print': 'None', 'quiet': 'False', 'empty': 'None', 'warn_error_options': 'WarnErrorOptions(include=[], exclude=[])', 'introspect': 'True', 'invocation_command': 'dbt debug --profiles-dir .', 'static_parser': 'True', 'target_path': 'None', 'log_format': 'default', 'send_anonymous_usage_stats': 'True'}
[0m20:40:24.563634 [info ] [MainThread]: dbt version: 1.8.7
[0m20:40:24.563845 [info ] [MainThread]: python version: 3.11.5
[0m20:40:24.564011 [info ] [MainThread]: python path: /Users/liamtabibzadeh/anaconda3/bin/python
[0m20:40:24.564136 [info ] [MainThread]: os info: macOS-14.6.1-arm64-arm-64bit
[0m20:40:24.566667 [error] [MainThread]: Encountered an error:
Parsing Error
  Env var required but not provided: 'GCP_PROJECT'
[0m20:40:24.567606 [debug] [MainThread]: Resource report: {"command_name": "debug", "command_wall_clock_time": 0.047300458, "process_user_time": 0.531116, "process_kernel_time": 0.094823, "process_mem_max_rss": "95682560", "command_success": false, "process_in_blocks": "0", "process_out_blocks": "0"}
[0m20:40:24.567833 [debug] [MainThread]: Command `dbt debug` failed at 20:40:24.567797 after 0.05 seconds
[0m20:40:24.567989 [debug] [MainThread]: Sending event: {'category': 'dbt', 'action': 'invocation', 'label': 'end', 'context': [<snowplow_tracker.self_describing_json.SelfDescribingJson object at 0x1044efe50>, <snowplow_tracker.self_describing_json.SelfDescribingJson object at 0x1044eefd0>, <snowplow_tracker.self_describing_json.SelfDescribingJson object at 0x10455bc90>]}
[0m20:40:24.568135 [debug] [MainThread]: Flushing usage events
[0m20:40:30.747364 [debug] [MainThread]: Sending event: {'category': 'dbt', 'action': 'invocation', 'label': 'start', 'context': [<snowplow_tracker.self_describing_json.SelfDescribingJson object at 0x1048ef9d0>, <snowplow_tracker.self_describing_json.SelfDescribingJson object at 0x104988950>, <snowplow_tracker.self_describing_json.SelfDescribingJson object at 0x104989250>]}


============================== 20:40:30.749257 | 8731d69b-2fde-4489-a3f4-2f9a6a21ef84 ==============================
[0m20:40:30.749257 [info ] [MainThread]: Running with dbt=1.8.7
[0m20:40:30.749539 [debug] [MainThread]: running dbt with arguments {'printer_width': '80', 'indirect_selection': 'eager', 'log_cache_events': 'False', 'write_json': 'True', 'partial_parse': 'True', 'cache_selected_only': 'False', 'warn_error': 'None', 'debug': 'False', 'version_check': 'True', 'log_path': '/Users/liamtabibzadeh/Documents/hobby/SummaryAI/transform/ecommerce_metrics/logs', 'fail_fast': 'False', 'profiles_dir': '.', 'use_colors': 'True', 'use_experimental_parser': 'False', 'empty': 'None', 'quiet': 'False', 'no_print': 'None', 'warn_error_options': 'WarnErrorOptions(include=[], exclude=[])', 'introspect': 'True', 'static_parser': 'True', 'invocation_command': 'dbt debug --profiles-dir .', 'target_path': 'None', 'log_format': 'default', 'send_anonymous_usage_stats': 'True'}
[0m20:40:30.752993 [info ] [MainThread]: dbt version: 1.8.7
[0m20:40:30.753182 [info ] [MainThread]: python version: 3.11.5
[0m20:40:30.753333 [info ] [MainThread]: python path: /Users/liamtabibzadeh/anaconda3/bin/python
[0m20:40:30.753460 [info ] [MainThread]: os info: macOS-14.6.1-arm64-arm-64bit
[0m20:40:34.537736 [info ] [MainThread]: Using profiles dir at .
[0m20:40:34.538176 [info ] [MainThread]: Using profiles.yml file at ./profiles.yml
[0m20:40:34.538350 [info ] [MainThread]: Using dbt_project.yml file at /Users/liamtabibzadeh/Documents/hobby/SummaryAI/transform/ecommerce_metrics/dbt_project.yml
[0m20:40:34.538484 [info ] [MainThread]: adapter type: bigquery
[0m20:40:34.538606 [info ] [MainThread]: adapter version: 1.8.2
[0m20:40:34.577788 [info ] [MainThread]: Configuration:
[0m20:40:34.578003 [info ] [MainThread]:   profiles.yml file [[32mOK found and valid[0m]
[0m20:40:34.578136 [info ] [MainThread]:   dbt_project.yml file [[32mOK found and valid[0m]
[0m20:40:34.578255 [info ] [MainThread]: Required dependencies:
[0m20:40:34.578404 [debug] [MainThread]: Executing "git --help"
[0m20:40:34.590815 [debug] [MainThread]: STDOUT: "b"usage: git [-v | --version] [-h | --help] [-C <path>] [-c <name>=<value>]\n           [--exec-path[=<path>]] [--html-path] [--man-path] [--info-path]\n           [-p | --paginate | -P | --no-pager] [--no-replace-objects] [--bare]\n           [--git-dir=<path>] [--work-tree=<path>] [--namespace=<name>]\n           [--super-prefix=<path>] [--config-env=<name>=<envvar>]\n           <command> [<args>]\n\nThese are common Git commands used in various situations:\n\nstart a working area (see also: git help tutorial)\n   clone     Clone a repository into a new directory\n   init      Create an empty Git repository or reinitialize an existing one\n\nwork on the current change (see also: git help everyday)\n   add       Add file contents to the index\n   mv        Move or rename a file, a directory, or a symlink\n   restore   Restore working tree files\n   rm        Remove files from the working tree and from the index\n\nexamine the history and state (see also: git help revisions)\n   bisect    Use binary search to find the commit that introduced a bug\n   diff      Show changes between commits, commit and working tree, etc\n   grep      Print lines matching a pattern\n   log       Show commit logs\n   show      Show various types of objects\n   status    Show the working tree status\n\ngrow, mark and tweak your common history\n   branch    List, create, or delete branches\n   commit    Record changes to the repository\n   merge     Join two or more development histories together\n   rebase    Reapply commits on top of another base tip\n   reset     Reset current HEAD to the specified state\n   switch    Switch branches\n   tag       Create, list, delete or verify a tag object signed with GPG\n\ncollaborate (see also: git help workflows)\n   fetch     Download objects and refs from another repository\n   pull      Fetch from and integrate with another repository or a local branch\n   push      Update remote refs along with associated objects\n\n'git help -a' and 'git help -g' list available subcommands and some\nconcept guides. See 'git help <command>' or 'git help <concept>'\nto read about a specific subcommand or concept.\nSee 'git help git' for an overview of the system.\n""
[0m20:40:34.591318 [debug] [MainThread]: STDERR: "b''"
[0m20:40:34.591484 [info ] [MainThread]:  - git [[32mOK found[0m]

[0m20:40:34.591636 [info ] [MainThread]: Connection:
[0m20:40:34.591809 [info ] [MainThread]:   method: service-account
[0m20:40:34.591929 [info ] [MainThread]:   database: pipeline-466508
[0m20:40:34.592041 [info ] [MainThread]:   execution_project: pipeline-466508
[0m20:40:34.592150 [info ] [MainThread]:   schema: ecommerce_analytics
[0m20:40:34.592256 [info ] [MainThread]:   location: US
[0m20:40:34.592365 [info ] [MainThread]:   priority: None
[0m20:40:34.592472 [info ] [MainThread]:   maximum_bytes_billed: None
[0m20:40:34.592578 [info ] [MainThread]:   impersonate_service_account: None
[0m20:40:34.592682 [info ] [MainThread]:   job_retry_deadline_seconds: None
[0m20:40:34.592797 [info ] [MainThread]:   job_retries: 1
[0m20:40:34.592900 [info ] [MainThread]:   job_creation_timeout_seconds: None
[0m20:40:34.593003 [info ] [MainThread]:   job_execution_timeout_seconds: 300
[0m20:40:34.593104 [info ] [MainThread]:   timeout_seconds: 300
[0m20:40:34.593209 [info ] [MainThread]:   client_id: None
[0m20:40:34.593310 [info ] [MainThread]:   token_uri: None
[0m20:40:34.593419 [info ] [MainThread]:   dataproc_region: None
[0m20:40:34.593525 [info ] [MainThread]:   dataproc_cluster_name: None
[0m20:40:34.593628 [info ] [MainThread]:   gcs_bucket: None
[0m20:40:34.593728 [info ] [MainThread]:   dataproc_batch: None
[0m20:40:34.593992 [info ] [MainThread]: Registered adapter: bigquery=1.8.2
[0m20:40:34.604419 [debug] [MainThread]: Acquiring new bigquery connection 'debug'
[0m20:40:34.605056 [debug] [MainThread]: Opening a new connection, currently in state init
[0m20:40:34.641142 [debug] [MainThread]: On debug: select 1 as id
[0m20:40:35.815324 [debug] [MainThread]: BigQuery adapter: https://console.cloud.google.com/bigquery?project=pipeline-466508&j=bq:US:e50bce61-d883-48a0-aed9-cee278333690&page=queryresults
[0m20:40:36.357768 [info ] [MainThread]:   Connection test: [[32mOK connection ok[0m]

[0m20:40:36.358486 [info ] [MainThread]: [32mAll checks passed![0m
[0m20:40:36.359291 [debug] [MainThread]: Resource report: {"command_name": "debug", "command_success": true, "command_wall_clock_time": 5.6420784, "process_user_time": 2.996063, "process_kernel_time": 0.448446, "process_mem_max_rss": "228753408", "process_in_blocks": "0", "process_out_blocks": "0"}
[0m20:40:36.360941 [debug] [MainThread]: Command `dbt debug` succeeded at 20:40:36.360831 after 5.64 seconds
[0m20:40:36.361348 [debug] [MainThread]: Connection 'debug' was properly closed.
[0m20:40:36.361745 [debug] [MainThread]: Sending event: {'category': 'dbt', 'action': 'invocation', 'label': 'end', 'context': [<snowplow_tracker.self_describing_json.SelfDescribingJson object at 0x146fd5410>, <snowplow_tracker.self_describing_json.SelfDescribingJson object at 0x146979b50>, <snowplow_tracker.self_describing_json.SelfDescribingJson object at 0x1470c8d50>]}
[0m20:40:36.362171 [debug] [MainThread]: Flushing usage events
[0m20:40:42.229086 [debug] [MainThread]: Sending event: {'category': 'dbt', 'action': 'invocation', 'label': 'start', 'context': [<snowplow_tracker.self_describing_json.SelfDescribingJson object at 0x10443c290>, <snowplow_tracker.self_describing_json.SelfDescribingJson object at 0x10372e390>, <snowplow_tracker.self_describing_json.SelfDescribingJson object at 0x1044c9890>]}


============================== 20:40:42.231198 | 8511d203-5e6e-45e0-89b6-05e078b466b7 ==============================
[0m20:40:42.231198 [info ] [MainThread]: Running with dbt=1.8.7
[0m20:40:42.231484 [debug] [MainThread]: running dbt with arguments {'printer_width': '80', 'indirect_selection': 'eager', 'log_cache_events': 'False', 'write_json': 'True', 'partial_parse': 'True', 'cache_selected_only': 'False', 'profiles_dir': '.', 'version_check': 'True', 'warn_error': 'None', 'log_path': '/Users/liamtabibzadeh/Documents/hobby/SummaryAI/transform/ecommerce_metrics/logs', 'fail_fast': 'False', 'debug': 'False', 'use_colors': 'True', 'use_experimental_parser': 'False', 'no_print': 'None', 'quiet': 'False', 'empty': 'False', 'log_format': 'default', 'introspect': 'True', 'warn_error_options': 'WarnErrorOptions(include=[], exclude=[])', 'static_parser': 'True', 'target_path': 'None', 'invocation_command': 'dbt run --profiles-dir .', 'send_anonymous_usage_stats': 'True'}
[0m20:40:43.025979 [debug] [MainThread]: Sending event: {'category': 'dbt', 'action': 'project_id', 'label': '8511d203-5e6e-45e0-89b6-05e078b466b7', 'context': [<snowplow_tracker.self_describing_json.SelfDescribingJson object at 0x122034850>]}
[0m20:40:43.053150 [debug] [MainThread]: Sending event: {'category': 'dbt', 'action': 'adapter_info', 'label': '8511d203-5e6e-45e0-89b6-05e078b466b7', 'context': [<snowplow_tracker.self_describing_json.SelfDescribingJson object at 0x120b23510>]}
[0m20:40:43.053475 [info ] [MainThread]: Registered adapter: bigquery=1.8.2
[0m20:40:43.063943 [debug] [MainThread]: checksum: 4af21dafb485259c48497ac86b711ddb1982f3d0f1c0ca4e09356de488b753c0, vars: {}, profile: , target: , version: 1.8.7
[0m20:40:43.064428 [info ] [MainThread]: Unable to do partial parsing because saved manifest not found. Starting full parse.
[0m20:40:43.064631 [debug] [MainThread]: Sending event: {'category': 'dbt', 'action': 'partial_parser', 'label': '8511d203-5e6e-45e0-89b6-05e078b466b7', 'context': [<snowplow_tracker.self_describing_json.SelfDescribingJson object at 0x122094b10>]}
[0m20:40:43.544203 [warn ] [MainThread]: [[33mWARNING[0m]: Deprecated functionality
The `tests` config has been renamed to `data_tests`. Please see
https://docs.getdbt.com/docs/build/data-tests#new-data_tests-syntax for more
information.
[0m20:40:43.544837 [debug] [MainThread]: Sending event: {'category': 'dbt', 'action': 'deprecation', 'label': '8511d203-5e6e-45e0-89b6-05e078b466b7', 'property_': 'warn', 'context': [<snowplow_tracker.self_describing_json.SelfDescribingJson object at 0x104492290>]}
[0m20:40:43.686129 [debug] [MainThread]: Sending event: {'category': 'dbt', 'action': 'load_project', 'label': '8511d203-5e6e-45e0-89b6-05e078b466b7', 'context': [<snowplow_tracker.self_describing_json.SelfDescribingJson object at 0x121f578d0>]}
[0m20:40:43.733782 [debug] [MainThread]: Sending event: {'category': 'dbt', 'action': 'resource_counts', 'label': '8511d203-5e6e-45e0-89b6-05e078b466b7', 'context': [<snowplow_tracker.self_describing_json.SelfDescribingJson object at 0x1227b5410>]}
[0m20:40:43.734053 [info ] [MainThread]: Found 6 models, 3 data tests, 2 sources, 479 macros
[0m20:40:43.734219 [debug] [MainThread]: Sending event: {'category': 'dbt', 'action': 'runnable_timing', 'label': '8511d203-5e6e-45e0-89b6-05e078b466b7', 'context': [<snowplow_tracker.self_describing_json.SelfDescribingJson object at 0x1227c77d0>]}
[0m20:40:43.734974 [info ] [MainThread]: 
[0m20:40:43.735233 [debug] [MainThread]: Acquiring new bigquery connection 'master'
[0m20:40:43.736890 [debug] [ThreadPool]: Acquiring new bigquery connection 'list_pipeline-466508'
[0m20:40:43.737069 [debug] [ThreadPool]: Opening a new connection, currently in state init
[0m20:40:44.154131 [debug] [ThreadPool]: Re-using an available connection from the pool (formerly list_pipeline-466508, now create_pipeline-466508_ecommerce_analytics)
[0m20:40:44.155140 [debug] [ThreadPool]: Creating schema "database: "pipeline-466508"
schema: "ecommerce_analytics"
"
[0m20:40:44.165538 [debug] [ThreadPool]: Opening a new connection, currently in state closed
[0m20:40:44.215538 [debug] [ThreadPool]: On create_pipeline-466508_ecommerce_analytics: /* {"app": "dbt", "dbt_version": "1.8.7", "profile_name": "ecommerce_metrics", "target_name": "dev", "connection_name": "create_pipeline-466508_ecommerce_analytics"} */
create schema if not exists `pipeline-466508`.`ecommerce_analytics`
  
[0m20:40:44.686119 [debug] [ThreadPool]: BigQuery adapter: https://console.cloud.google.com/bigquery?project=pipeline-466508&j=bq:US:45453d79-df5b-4dca-9770-0701633cb12f&page=queryresults
[0m20:40:45.617250 [debug] [ThreadPool]: Re-using an available connection from the pool (formerly create_pipeline-466508_ecommerce_analytics, now list_pipeline-466508_ecommerce_analytics)
[0m20:40:45.617749 [debug] [ThreadPool]: Opening a new connection, currently in state closed
[0m20:40:46.042683 [debug] [MainThread]: Sending event: {'category': 'dbt', 'action': 'runnable_timing', 'label': '8511d203-5e6e-45e0-89b6-05e078b466b7', 'context': [<snowplow_tracker.self_describing_json.SelfDescribingJson object at 0x1220c6410>]}
[0m20:40:46.043490 [info ] [MainThread]: Concurrency: 1 threads (target='dev')
[0m20:40:46.043847 [info ] [MainThread]: 
[0m20:40:46.048571 [debug] [Thread-1 (]: Began running node model.ecommerce_metrics.data_end_date
[0m20:40:46.049137 [info ] [Thread-1 (]: 1 of 6 START sql table model ecommerce_analytics.data_end_date ................. [RUN]
[0m20:40:46.049580 [debug] [Thread-1 (]: Re-using an available connection from the pool (formerly list_pipeline-466508_ecommerce_analytics, now model.ecommerce_metrics.data_end_date)
[0m20:40:46.049924 [debug] [Thread-1 (]: Began compiling node model.ecommerce_metrics.data_end_date
[0m20:40:46.056632 [debug] [Thread-1 (]: Writing injected SQL for node "model.ecommerce_metrics.data_end_date"
[0m20:40:46.057517 [debug] [Thread-1 (]: Began executing node model.ecommerce_metrics.data_end_date
[0m20:40:46.078187 [debug] [Thread-1 (]: Writing runtime sql for node "model.ecommerce_metrics.data_end_date"
[0m20:40:46.078822 [debug] [Thread-1 (]: Opening a new connection, currently in state closed
[0m20:40:46.117872 [debug] [Thread-1 (]: On model.ecommerce_metrics.data_end_date: /* {"app": "dbt", "dbt_version": "1.8.7", "profile_name": "ecommerce_metrics", "target_name": "dev", "node_id": "model.ecommerce_metrics.data_end_date"} */

  
    

    create or replace table `pipeline-466508`.`ecommerce_analytics`.`data_end_date`
      
    
    

    OPTIONS()
    as (
      -- Data freshness indicator
-- Shows the latest date in the events table

SELECT MAX(DATE(created_at)) AS data_end_date
FROM `bigquery-public-data`.`thelook_ecommerce`.`events`
    );
  
[0m20:40:46.767702 [debug] [Thread-1 (]: BigQuery adapter: https://console.cloud.google.com/bigquery?project=pipeline-466508&j=bq:US:18036493-107d-41ea-8772-9798662297a1&page=queryresults
[0m20:40:56.818799 [debug] [Thread-1 (]: Sending event: {'category': 'dbt', 'action': 'run_model', 'label': '8511d203-5e6e-45e0-89b6-05e078b466b7', 'context': [<snowplow_tracker.self_describing_json.SelfDescribingJson object at 0x12286bb50>]}
[0m20:40:56.819865 [info ] [Thread-1 (]: 1 of 6 OK created sql table model ecommerce_analytics.data_end_date ............ [[32mCREATE TABLE (1.0 rows, 18.5 MiB processed)[0m in 10.77s]
[0m20:40:56.820406 [debug] [Thread-1 (]: Finished running node model.ecommerce_metrics.data_end_date
[0m20:40:56.820767 [debug] [Thread-1 (]: Began running node model.ecommerce_metrics.funnel
[0m20:40:56.821269 [info ] [Thread-1 (]: 2 of 6 START sql table model ecommerce_analytics.funnel ........................ [RUN]
[0m20:40:56.821715 [debug] [Thread-1 (]: Re-using an available connection from the pool (formerly model.ecommerce_metrics.data_end_date, now model.ecommerce_metrics.funnel)
[0m20:40:56.822034 [debug] [Thread-1 (]: Began compiling node model.ecommerce_metrics.funnel
[0m20:40:56.824886 [debug] [Thread-1 (]: Writing injected SQL for node "model.ecommerce_metrics.funnel"
[0m20:40:56.825458 [debug] [Thread-1 (]: Began executing node model.ecommerce_metrics.funnel
[0m20:40:56.827511 [debug] [Thread-1 (]: Writing runtime sql for node "model.ecommerce_metrics.funnel"
[0m20:40:56.827998 [debug] [Thread-1 (]: Opening a new connection, currently in state closed
[0m20:40:56.872862 [debug] [Thread-1 (]: On model.ecommerce_metrics.funnel: /* {"app": "dbt", "dbt_version": "1.8.7", "profile_name": "ecommerce_metrics", "target_name": "dev", "node_id": "model.ecommerce_metrics.funnel"} */

  
    

    create or replace table `pipeline-466508`.`ecommerce_analytics`.`funnel`
      
    
    

    OPTIONS()
    as (
      -- Shopping Funnel for Latest Full Month
-- 5-step funnel: home → department → product → cart → purchase

WITH latest_full_month AS (
  SELECT DATE_SUB(DATE_TRUNC(CURRENT_DATE(), MONTH), INTERVAL 1 MONTH) AS month
),

month_events AS (
  SELECT 
    session_id, 
    event_type
  FROM `bigquery-public-data`.`thelook_ecommerce`.`events`
  CROSS JOIN latest_full_month
  WHERE DATE_TRUNC(DATE(created_at), MONTH) = latest_full_month.month
),

sessions AS (
  SELECT 
    session_id, 
    ARRAY_AGG(DISTINCT event_type) AS steps
  FROM month_events
  GROUP BY session_id
),

counts AS (
  SELECT
    COUNTIF('home' IN UNNEST(steps)) AS s1,
    COUNTIF('home' IN UNNEST(steps) AND 'department' IN UNNEST(steps)) AS s2,
    COUNTIF('home' IN UNNEST(steps) AND 'department' IN UNNEST(steps) AND 'product' IN UNNEST(steps)) AS s3,
    COUNTIF('home' IN UNNEST(steps) AND 'department' IN UNNEST(steps) AND 'product' IN UNNEST(steps) AND 'cart' IN UNNEST(steps)) AS s4,
    COUNTIF('home' IN UNNEST(steps) AND 'department' IN UNNEST(steps) AND 'product' IN UNNEST(steps) AND 'cart' IN UNNEST(steps) AND 'purchase' IN UNNEST(steps)) AS s5
  FROM sessions
)

SELECT * FROM (
  SELECT 1 AS step, s1 AS sessions FROM counts UNION ALL
  SELECT 2, s2 FROM counts UNION ALL
  SELECT 3, s3 FROM counts UNION ALL
  SELECT 4, s4 FROM counts UNION ALL
  SELECT 5, s5 FROM counts
)
ORDER BY step
    );
  
[0m20:40:57.521254 [debug] [Thread-1 (]: BigQuery adapter: https://console.cloud.google.com/bigquery?project=pipeline-466508&j=bq:US:2fd3d221-3a09-4178-ac60-765f621e0051&page=queryresults
[0m20:41:00.264564 [debug] [Thread-1 (]: Sending event: {'category': 'dbt', 'action': 'run_model', 'label': '8511d203-5e6e-45e0-89b6-05e078b466b7', 'context': [<snowplow_tracker.self_describing_json.SelfDescribingJson object at 0x12280d950>]}
[0m20:41:00.266036 [info ] [Thread-1 (]: 2 of 6 OK created sql table model ecommerce_analytics.funnel ................... [[32mCREATE TABLE (5.0 rows, 127.0 MiB processed)[0m in 3.44s]
[0m20:41:00.267037 [debug] [Thread-1 (]: Finished running node model.ecommerce_metrics.funnel
[0m20:41:00.267725 [debug] [Thread-1 (]: Began running node model.ecommerce_metrics.mau
[0m20:41:00.268480 [info ] [Thread-1 (]: 3 of 6 START sql table model ecommerce_analytics.mau ........................... [RUN]
[0m20:41:00.269164 [debug] [Thread-1 (]: Re-using an available connection from the pool (formerly model.ecommerce_metrics.funnel, now model.ecommerce_metrics.mau)
[0m20:41:00.269604 [debug] [Thread-1 (]: Began compiling node model.ecommerce_metrics.mau
[0m20:41:00.277724 [debug] [Thread-1 (]: Writing injected SQL for node "model.ecommerce_metrics.mau"
[0m20:41:00.278776 [debug] [Thread-1 (]: Began executing node model.ecommerce_metrics.mau
[0m20:41:00.281885 [debug] [Thread-1 (]: Writing runtime sql for node "model.ecommerce_metrics.mau"
[0m20:41:00.282579 [debug] [Thread-1 (]: Opening a new connection, currently in state closed
[0m20:41:00.334313 [debug] [Thread-1 (]: On model.ecommerce_metrics.mau: /* {"app": "dbt", "dbt_version": "1.8.7", "profile_name": "ecommerce_metrics", "target_name": "dev", "node_id": "model.ecommerce_metrics.mau"} */

  
    

    create or replace table `pipeline-466508`.`ecommerce_analytics`.`mau`
      
    
    

    OPTIONS()
    as (
      -- Monthly Active Users (MAU)
-- Excludes current month to show only complete months

WITH base AS (
  SELECT 
    DATE_TRUNC(DATE(created_at), MONTH) AS month, 
    user_id
  FROM `bigquery-public-data`.`thelook_ecommerce`.`events`
  WHERE DATE_TRUNC(DATE(created_at), MONTH) < DATE_TRUNC(CURRENT_DATE(), MONTH)
)

SELECT 
  month, 
  COUNT(DISTINCT user_id) AS mau
FROM base
GROUP BY month
ORDER BY month
    );
  
[0m20:41:01.113458 [debug] [Thread-1 (]: BigQuery adapter: https://console.cloud.google.com/bigquery?project=pipeline-466508&j=bq:US:00222a84-d8c2-40d2-a63b-58ec44063465&page=queryresults
[0m20:41:03.824656 [debug] [Thread-1 (]: Sending event: {'category': 'dbt', 'action': 'run_model', 'label': '8511d203-5e6e-45e0-89b6-05e078b466b7', 'context': [<snowplow_tracker.self_describing_json.SelfDescribingJson object at 0x122906b50>]}
[0m20:41:03.825389 [info ] [Thread-1 (]: 3 of 6 OK created sql table model ecommerce_analytics.mau ...................... [[32mCREATE TABLE (79.0 rows, 28.4 MiB processed)[0m in 3.56s]
[0m20:41:03.825966 [debug] [Thread-1 (]: Finished running node model.ecommerce_metrics.mau
[0m20:41:03.826363 [debug] [Thread-1 (]: Began running node model.ecommerce_metrics.platform_share
[0m20:41:03.826910 [info ] [Thread-1 (]: 4 of 6 START sql table model ecommerce_analytics.platform_share ................ [RUN]
[0m20:41:03.827412 [debug] [Thread-1 (]: Re-using an available connection from the pool (formerly model.ecommerce_metrics.mau, now model.ecommerce_metrics.platform_share)
[0m20:41:03.827759 [debug] [Thread-1 (]: Began compiling node model.ecommerce_metrics.platform_share
[0m20:41:03.830714 [debug] [Thread-1 (]: Writing injected SQL for node "model.ecommerce_metrics.platform_share"
[0m20:41:03.831387 [debug] [Thread-1 (]: Began executing node model.ecommerce_metrics.platform_share
[0m20:41:03.833752 [debug] [Thread-1 (]: Writing runtime sql for node "model.ecommerce_metrics.platform_share"
[0m20:41:03.834320 [debug] [Thread-1 (]: Opening a new connection, currently in state closed
[0m20:41:03.880896 [debug] [Thread-1 (]: On model.ecommerce_metrics.platform_share: /* {"app": "dbt", "dbt_version": "1.8.7", "profile_name": "ecommerce_metrics", "target_name": "dev", "node_id": "model.ecommerce_metrics.platform_share"} */

  
    

    create or replace table `pipeline-466508`.`ecommerce_analytics`.`platform_share`
      
    
    

    OPTIONS()
    as (
      -- Users by Platform (Android/iOS/Desktop/Web)
-- Assigns each user their dominant platform based on most recent activity

WITH classified AS (
  SELECT
    user_id,
    CASE
      WHEN REGEXP_CONTAINS(LOWER(browser), r'android') THEN 'Android'
      WHEN REGEXP_CONTAINS(LOWER(browser), r'(mobile safari|iphone|ipad|ios|crios)') THEN 'iOS'
      WHEN REGEXP_CONTAINS(LOWER(browser), r'mobile') THEN 'Web'
      ELSE 'Desktop'
    END AS platform,
    TIMESTAMP(created_at) AS ts
  FROM `bigquery-public-data`.`thelook_ecommerce`.`events`
),

latest_per_user AS (
  SELECT 
    user_id,
    platform
  FROM (
    SELECT 
      user_id,
      platform,
      ROW_NUMBER() OVER (PARTITION BY user_id ORDER BY ts DESC) AS rn
    FROM classified
  )
  WHERE rn = 1
)

SELECT
  platform,
  COUNT(*) AS users,
  SAFE_DIVIDE(COUNT(*), SUM(COUNT(*)) OVER ()) AS share
FROM latest_per_user
GROUP BY platform
ORDER BY users DESC
    );
  
[0m20:41:04.565644 [debug] [Thread-1 (]: BigQuery adapter: https://console.cloud.google.com/bigquery?project=pipeline-466508&j=bq:US:277ab98b-af0e-4626-85ef-7a8adcd68a39&page=queryresults
[0m20:41:08.067459 [debug] [Thread-1 (]: Sending event: {'category': 'dbt', 'action': 'run_model', 'label': '8511d203-5e6e-45e0-89b6-05e078b466b7', 'context': [<snowplow_tracker.self_describing_json.SelfDescribingJson object at 0x12286fb90>]}
[0m20:41:08.068110 [info ] [Thread-1 (]: 4 of 6 OK created sql table model ecommerce_analytics.platform_share ........... [[32mCREATE TABLE (1.0 rows, 46.8 MiB processed)[0m in 4.24s]
[0m20:41:08.068819 [debug] [Thread-1 (]: Finished running node model.ecommerce_metrics.platform_share
[0m20:41:08.069182 [debug] [Thread-1 (]: Began running node model.ecommerce_metrics.retention
[0m20:41:08.069536 [info ] [Thread-1 (]: 5 of 6 START sql table model ecommerce_analytics.retention ..................... [RUN]
[0m20:41:08.070007 [debug] [Thread-1 (]: Re-using an available connection from the pool (formerly model.ecommerce_metrics.platform_share, now model.ecommerce_metrics.retention)
[0m20:41:08.070382 [debug] [Thread-1 (]: Began compiling node model.ecommerce_metrics.retention
[0m20:41:08.073269 [debug] [Thread-1 (]: Writing injected SQL for node "model.ecommerce_metrics.retention"
[0m20:41:08.073863 [debug] [Thread-1 (]: Began executing node model.ecommerce_metrics.retention
[0m20:41:08.076032 [debug] [Thread-1 (]: Writing runtime sql for node "model.ecommerce_metrics.retention"
[0m20:41:08.076514 [debug] [Thread-1 (]: Opening a new connection, currently in state closed
[0m20:41:08.121286 [debug] [Thread-1 (]: On model.ecommerce_metrics.retention: /* {"app": "dbt", "dbt_version": "1.8.7", "profile_name": "ecommerce_metrics", "target_name": "dev", "node_id": "model.ecommerce_metrics.retention"} */

  
    

    create or replace table `pipeline-466508`.`ecommerce_analytics`.`retention`
      
    
    

    OPTIONS()
    as (
      -- Monthly Cohort Retention Analysis
-- Shows retention rates for the 5 most recent cohorts

WITH cohort AS (
  SELECT 
    id AS user_id, 
    DATE_TRUNC(DATE(created_at), MONTH) AS cohort_month
  FROM `bigquery-public-data`.`thelook_ecommerce`.`users`
  WHERE DATE_TRUNC(DATE(created_at), MONTH) < DATE_TRUNC(CURRENT_DATE(), MONTH)
),

activity AS (
  SELECT DISTINCT 
    user_id, 
    DATE_TRUNC(DATE(created_at), MONTH) AS active_month
  FROM `bigquery-public-data`.`thelook_ecommerce`.`events`
),

matrix AS (
  SELECT 
    c.cohort_month,
    DATE_DIFF(a.active_month, c.cohort_month, MONTH) AS age_month,
    COUNT(DISTINCT a.user_id) AS active_users
  FROM cohort c
  JOIN activity a USING (user_id)
  WHERE DATE_DIFF(a.active_month, c.cohort_month, MONTH) >= 0
  GROUP BY c.cohort_month, age_month
),

sizes AS (
  SELECT 
    cohort_month, 
    COUNT(*) AS cohort_size
  FROM cohort
  GROUP BY cohort_month
),

rates AS (
  SELECT 
    m.cohort_month, 
    m.age_month, 
    m.active_users, 
    s.cohort_size,
    SAFE_DIVIDE(m.active_users, s.cohort_size) AS retention_rate
  FROM matrix m
  JOIN sizes s USING (cohort_month)
),

ranked AS (
  SELECT 
    cohort_month, 
    cohort_size,
    DENSE_RANK() OVER (ORDER BY cohort_month DESC) AS rnk
  FROM sizes
)

SELECT
  r.cohort_month,
  CONCAT(
    CAST(EXTRACT(YEAR FROM r.cohort_month) AS STRING), 
    '-', 
    LPAD(CAST(EXTRACT(MONTH FROM r.cohort_month) AS STRING), 2, '0')
  ) AS cohort_label,
  rates.age_month,
  rates.retention_rate
FROM rates
JOIN ranked r USING (cohort_month)
WHERE r.rnk <= 5
  AND r.cohort_size >= 50  -- Filter small cohorts
ORDER BY cohort_month, age_month
    );
  
[0m20:41:08.785829 [debug] [Thread-1 (]: BigQuery adapter: https://console.cloud.google.com/bigquery?project=pipeline-466508&j=bq:US:364e75a3-16e9-4d8c-9f48-494fa1b4b691&page=queryresults
[0m20:41:12.347964 [debug] [Thread-1 (]: Sending event: {'category': 'dbt', 'action': 'run_model', 'label': '8511d203-5e6e-45e0-89b6-05e078b466b7', 'context': [<snowplow_tracker.self_describing_json.SelfDescribingJson object at 0x1226e3590>]}
[0m20:41:12.348959 [info ] [Thread-1 (]: 5 of 6 OK created sql table model ecommerce_analytics.retention ................ [[32mCREATE TABLE (20.0 rows, 30.0 MiB processed)[0m in 4.28s]
[0m20:41:12.349746 [debug] [Thread-1 (]: Finished running node model.ecommerce_metrics.retention
[0m20:41:12.350565 [debug] [Thread-1 (]: Began running node model.ecommerce_metrics.users_by_country
[0m20:41:12.351317 [info ] [Thread-1 (]: 6 of 6 START sql table model ecommerce_analytics.users_by_country .............. [RUN]
[0m20:41:12.351943 [debug] [Thread-1 (]: Re-using an available connection from the pool (formerly model.ecommerce_metrics.retention, now model.ecommerce_metrics.users_by_country)
[0m20:41:12.352392 [debug] [Thread-1 (]: Began compiling node model.ecommerce_metrics.users_by_country
[0m20:41:12.358012 [debug] [Thread-1 (]: Writing injected SQL for node "model.ecommerce_metrics.users_by_country"
[0m20:41:12.359068 [debug] [Thread-1 (]: Began executing node model.ecommerce_metrics.users_by_country
[0m20:41:12.362544 [debug] [Thread-1 (]: Writing runtime sql for node "model.ecommerce_metrics.users_by_country"
[0m20:41:12.363282 [debug] [Thread-1 (]: Opening a new connection, currently in state closed
[0m20:41:12.415033 [debug] [Thread-1 (]: On model.ecommerce_metrics.users_by_country: /* {"app": "dbt", "dbt_version": "1.8.7", "profile_name": "ecommerce_metrics", "target_name": "dev", "node_id": "model.ecommerce_metrics.users_by_country"} */

  
    

    create or replace table `pipeline-466508`.`ecommerce_analytics`.`users_by_country`
      
    
    

    OPTIONS()
    as (
      -- Users by Country
-- Counts users by country, filtering out nulls

SELECT 
  country, 
  COUNT(*) AS users
FROM `bigquery-public-data`.`thelook_ecommerce`.`users`
WHERE country IS NOT NULL
GROUP BY country
ORDER BY users DESC
    );
  
[0m20:41:13.018240 [debug] [Thread-1 (]: BigQuery adapter: https://console.cloud.google.com/bigquery?project=pipeline-466508&j=bq:US:72ca2b46-515e-427e-8376-ed9b928848cd&page=queryresults
[0m20:41:15.188879 [debug] [Thread-1 (]: Sending event: {'category': 'dbt', 'action': 'run_model', 'label': '8511d203-5e6e-45e0-89b6-05e078b466b7', 'context': [<snowplow_tracker.self_describing_json.SelfDescribingJson object at 0x1228ca850>]}
[0m20:41:15.189739 [info ] [Thread-1 (]: 6 of 6 OK created sql table model ecommerce_analytics.users_by_country ......... [[32mCREATE TABLE (15.0 rows, 968.8 KiB processed)[0m in 2.84s]
[0m20:41:15.190344 [debug] [Thread-1 (]: Finished running node model.ecommerce_metrics.users_by_country
[0m20:41:15.191520 [debug] [MainThread]: Connection 'master' was properly closed.
[0m20:41:15.191892 [debug] [MainThread]: Connection 'model.ecommerce_metrics.users_by_country' was properly closed.
[0m20:41:15.192274 [info ] [MainThread]: 
[0m20:41:15.192604 [info ] [MainThread]: Finished running 6 table models in 0 hours 0 minutes and 31.46 seconds (31.46s).
[0m20:41:15.193748 [debug] [MainThread]: Command end result
[0m20:41:15.218271 [info ] [MainThread]: 
[0m20:41:15.218557 [info ] [MainThread]: [32mCompleted successfully[0m
[0m20:41:15.218744 [info ] [MainThread]: 
[0m20:41:15.218934 [info ] [MainThread]: Done. PASS=6 WARN=0 ERROR=0 SKIP=0 TOTAL=6
[0m20:41:15.219224 [debug] [MainThread]: Resource report: {"command_name": "run", "command_success": true, "command_wall_clock_time": 33.02257, "process_user_time": 3.153203, "process_kernel_time": 1.344637, "process_mem_max_rss": "244432896", "process_in_blocks": "0", "process_out_blocks": "0"}
[0m20:41:15.219533 [debug] [MainThread]: Command `dbt run` succeeded at 20:41:15.219487 after 33.02 seconds
[0m20:41:15.219743 [debug] [MainThread]: Sending event: {'category': 'dbt', 'action': 'invocation', 'label': 'end', 'context': [<snowplow_tracker.self_describing_json.SelfDescribingJson object at 0x104061950>, <snowplow_tracker.self_describing_json.SelfDescribingJson object at 0x103749310>, <snowplow_tracker.self_describing_json.SelfDescribingJson object at 0x1009b9bd0>]}
[0m20:41:15.219953 [debug] [MainThread]: Flushing usage events
[0m20:44:30.412057 [debug] [MainThread]: Sending event: {'category': 'dbt', 'action': 'invocation', 'label': 'start', 'context': [<snowplow_tracker.self_describing_json.SelfDescribingJson object at 0x106f33d90>, <snowplow_tracker.self_describing_json.SelfDescribingJson object at 0x106f33150>, <snowplow_tracker.self_describing_json.SelfDescribingJson object at 0x106fc1490>]}


============================== 20:44:30.414593 | e353c50b-7e3a-47f7-b049-022b8ec1811e ==============================
[0m20:44:30.414593 [info ] [MainThread]: Running with dbt=1.8.7
[0m20:44:30.414884 [debug] [MainThread]: running dbt with arguments {'printer_width': '80', 'indirect_selection': 'eager', 'write_json': 'True', 'log_cache_events': 'False', 'partial_parse': 'True', 'cache_selected_only': 'False', 'profiles_dir': '.', 'fail_fast': 'False', 'version_check': 'True', 'log_path': '/Users/liamtabibzadeh/Documents/hobby/SummaryAI/transform/ecommerce_metrics/logs', 'debug': 'False', 'warn_error': 'None', 'use_colors': 'True', 'use_experimental_parser': 'False', 'empty': 'None', 'quiet': 'False', 'no_print': 'None', 'log_format': 'default', 'invocation_command': 'dbt parse --profiles-dir .', 'static_parser': 'True', 'introspect': 'True', 'target_path': 'None', 'warn_error_options': 'WarnErrorOptions(include=[], exclude=[])', 'send_anonymous_usage_stats': 'True'}
[0m20:44:31.427984 [debug] [MainThread]: Sending event: {'category': 'dbt', 'action': 'project_id', 'label': 'e353c50b-7e3a-47f7-b049-022b8ec1811e', 'context': [<snowplow_tracker.self_describing_json.SelfDescribingJson object at 0x106fc0610>]}
[0m20:44:31.454073 [debug] [MainThread]: Sending event: {'category': 'dbt', 'action': 'adapter_info', 'label': 'e353c50b-7e3a-47f7-b049-022b8ec1811e', 'context': [<snowplow_tracker.self_describing_json.SelfDescribingJson object at 0x105414550>]}
[0m20:44:31.454360 [info ] [MainThread]: Registered adapter: bigquery=1.8.2
[0m20:44:31.466193 [debug] [MainThread]: checksum: 4af21dafb485259c48497ac86b711ddb1982f3d0f1c0ca4e09356de488b753c0, vars: {}, profile: , target: , version: 1.8.7
[0m20:44:31.541111 [debug] [MainThread]: Partial parsing enabled: 0 files deleted, 0 files added, 0 files changed.
[0m20:44:31.541329 [debug] [MainThread]: Partial parsing enabled, no changes found, skipping parsing
[0m20:44:31.560033 [debug] [MainThread]: Sending event: {'category': 'dbt', 'action': 'load_project', 'label': 'e353c50b-7e3a-47f7-b049-022b8ec1811e', 'context': [<snowplow_tracker.self_describing_json.SelfDescribingJson object at 0x134748450>]}
[0m20:44:31.561587 [info ] [MainThread]: Performance info: /Users/liamtabibzadeh/Documents/hobby/SummaryAI/transform/ecommerce_metrics/target/perf_info.json
[0m20:44:31.595745 [debug] [MainThread]: Resource report: {"command_name": "parse", "command_success": true, "command_wall_clock_time": 1.2150463, "process_user_time": 2.883716, "process_kernel_time": 0.410992, "process_mem_max_rss": "230850560", "process_in_blocks": "0", "process_out_blocks": "0"}
[0m20:44:31.596073 [debug] [MainThread]: Command `dbt parse` succeeded at 20:44:31.596023 after 1.22 seconds
[0m20:44:31.596265 [debug] [MainThread]: Sending event: {'category': 'dbt', 'action': 'invocation', 'label': 'end', 'context': [<snowplow_tracker.self_describing_json.SelfDescribingJson object at 0x106f93350>, <snowplow_tracker.self_describing_json.SelfDescribingJson object at 0x106be0950>, <snowplow_tracker.self_describing_json.SelfDescribingJson object at 0x1034b0f50>]}
[0m20:44:31.596432 [debug] [MainThread]: Flushing usage events
[0m20:45:25.145307 [debug] [MainThread]: Sending event: {'category': 'dbt', 'action': 'invocation', 'label': 'start', 'context': [<snowplow_tracker.self_describing_json.SelfDescribingJson object at 0x1044e39d0>, <snowplow_tracker.self_describing_json.SelfDescribingJson object at 0x10450be90>, <snowplow_tracker.self_describing_json.SelfDescribingJson object at 0x1044f9e10>]}


============================== 20:45:25.147183 | 430df9cb-ad33-4b12-b4f4-0154c5803f39 ==============================
[0m20:45:25.147183 [info ] [MainThread]: Running with dbt=1.8.7
[0m20:45:25.147452 [debug] [MainThread]: running dbt with arguments {'printer_width': '80', 'indirect_selection': 'eager', 'write_json': 'True', 'log_cache_events': 'False', 'partial_parse': 'True', 'cache_selected_only': 'False', 'warn_error': 'None', 'debug': 'False', 'profiles_dir': '.', 'log_path': '/Users/liamtabibzadeh/Documents/hobby/SummaryAI/transform/ecommerce_metrics/logs', 'version_check': 'True', 'fail_fast': 'False', 'use_colors': 'True', 'use_experimental_parser': 'False', 'no_print': 'None', 'quiet': 'False', 'empty': 'None', 'log_format': 'default', 'invocation_command': 'dbt debug --profiles-dir .', 'warn_error_options': 'WarnErrorOptions(include=[], exclude=[])', 'static_parser': 'True', 'target_path': 'None', 'introspect': 'True', 'send_anonymous_usage_stats': 'True'}
[0m20:45:25.156405 [info ] [MainThread]: dbt version: 1.8.7
[0m20:45:25.156603 [info ] [MainThread]: python version: 3.11.5
[0m20:45:25.156757 [info ] [MainThread]: python path: /Users/liamtabibzadeh/anaconda3/bin/python
[0m20:45:25.156889 [info ] [MainThread]: os info: macOS-14.6.1-arm64-arm-64bit
[0m20:45:25.757764 [info ] [MainThread]: Using profiles dir at .
[0m20:45:25.758031 [info ] [MainThread]: Using profiles.yml file at ./profiles.yml
[0m20:45:25.758174 [info ] [MainThread]: Using dbt_project.yml file at /Users/liamtabibzadeh/Documents/hobby/SummaryAI/transform/ecommerce_metrics/dbt_project.yml
[0m20:45:25.758303 [info ] [MainThread]: adapter type: bigquery
[0m20:45:25.758425 [info ] [MainThread]: adapter version: 1.8.2
[0m20:45:25.796510 [info ] [MainThread]: Configuration:
[0m20:45:25.796697 [info ] [MainThread]:   profiles.yml file [[32mOK found and valid[0m]
[0m20:45:25.796835 [info ] [MainThread]:   dbt_project.yml file [[32mOK found and valid[0m]
[0m20:45:25.796953 [info ] [MainThread]: Required dependencies:
[0m20:45:25.797104 [debug] [MainThread]: Executing "git --help"
[0m20:45:25.811805 [debug] [MainThread]: STDOUT: "b"usage: git [-v | --version] [-h | --help] [-C <path>] [-c <name>=<value>]\n           [--exec-path[=<path>]] [--html-path] [--man-path] [--info-path]\n           [-p | --paginate | -P | --no-pager] [--no-replace-objects] [--bare]\n           [--git-dir=<path>] [--work-tree=<path>] [--namespace=<name>]\n           [--super-prefix=<path>] [--config-env=<name>=<envvar>]\n           <command> [<args>]\n\nThese are common Git commands used in various situations:\n\nstart a working area (see also: git help tutorial)\n   clone     Clone a repository into a new directory\n   init      Create an empty Git repository or reinitialize an existing one\n\nwork on the current change (see also: git help everyday)\n   add       Add file contents to the index\n   mv        Move or rename a file, a directory, or a symlink\n   restore   Restore working tree files\n   rm        Remove files from the working tree and from the index\n\nexamine the history and state (see also: git help revisions)\n   bisect    Use binary search to find the commit that introduced a bug\n   diff      Show changes between commits, commit and working tree, etc\n   grep      Print lines matching a pattern\n   log       Show commit logs\n   show      Show various types of objects\n   status    Show the working tree status\n\ngrow, mark and tweak your common history\n   branch    List, create, or delete branches\n   commit    Record changes to the repository\n   merge     Join two or more development histories together\n   rebase    Reapply commits on top of another base tip\n   reset     Reset current HEAD to the specified state\n   switch    Switch branches\n   tag       Create, list, delete or verify a tag object signed with GPG\n\ncollaborate (see also: git help workflows)\n   fetch     Download objects and refs from another repository\n   pull      Fetch from and integrate with another repository or a local branch\n   push      Update remote refs along with associated objects\n\n'git help -a' and 'git help -g' list available subcommands and some\nconcept guides. See 'git help <command>' or 'git help <concept>'\nto read about a specific subcommand or concept.\nSee 'git help git' for an overview of the system.\n""
[0m20:45:25.812257 [debug] [MainThread]: STDERR: "b''"
[0m20:45:25.812443 [info ] [MainThread]:  - git [[32mOK found[0m]

[0m20:45:25.812603 [info ] [MainThread]: Connection:
[0m20:45:25.812794 [info ] [MainThread]:   method: service-account
[0m20:45:25.812924 [info ] [MainThread]:   database: pipeline-466508
[0m20:45:25.813045 [info ] [MainThread]:   execution_project: pipeline-466508
[0m20:45:25.813164 [info ] [MainThread]:   schema: ecommerce_analytics
[0m20:45:25.813277 [info ] [MainThread]:   location: US
[0m20:45:25.813390 [info ] [MainThread]:   priority: None
[0m20:45:25.813506 [info ] [MainThread]:   maximum_bytes_billed: None
[0m20:45:25.813621 [info ] [MainThread]:   impersonate_service_account: None
[0m20:45:25.813736 [info ] [MainThread]:   job_retry_deadline_seconds: None
[0m20:45:25.813850 [info ] [MainThread]:   job_retries: 1
[0m20:45:25.813964 [info ] [MainThread]:   job_creation_timeout_seconds: None
[0m20:45:25.814079 [info ] [MainThread]:   job_execution_timeout_seconds: 300
[0m20:45:25.814191 [info ] [MainThread]:   timeout_seconds: 300
[0m20:45:25.814308 [info ] [MainThread]:   client_id: None
[0m20:45:25.814424 [info ] [MainThread]:   token_uri: None
[0m20:45:25.814548 [info ] [MainThread]:   dataproc_region: None
[0m20:45:25.814658 [info ] [MainThread]:   dataproc_cluster_name: None
[0m20:45:25.814763 [info ] [MainThread]:   gcs_bucket: None
[0m20:45:25.814866 [info ] [MainThread]:   dataproc_batch: None
[0m20:45:25.815134 [info ] [MainThread]: Registered adapter: bigquery=1.8.2
[0m20:45:25.818592 [debug] [MainThread]: Acquiring new bigquery connection 'debug'
[0m20:45:25.819142 [debug] [MainThread]: Opening a new connection, currently in state init
[0m20:45:25.853756 [debug] [MainThread]: On debug: select 1 as id
[0m20:45:26.341640 [debug] [MainThread]: BigQuery adapter: https://console.cloud.google.com/bigquery?project=pipeline-466508&j=bq:US:71e75ea2-ce7c-40e8-af87-32a16049ec15&page=queryresults
[0m20:45:26.843205 [info ] [MainThread]:   Connection test: [[32mOK connection ok[0m]

[0m20:45:26.843819 [info ] [MainThread]: [32mAll checks passed![0m
[0m20:45:26.844558 [debug] [MainThread]: Resource report: {"command_name": "debug", "command_success": true, "command_wall_clock_time": 1.7280351, "process_user_time": 1.739784, "process_kernel_time": 1.435318, "process_mem_max_rss": "228491264", "process_in_blocks": "0", "process_out_blocks": "0"}
[0m20:45:26.845270 [debug] [MainThread]: Command `dbt debug` succeeded at 20:45:26.845163 after 1.73 seconds
[0m20:45:26.845680 [debug] [MainThread]: Connection 'debug' was properly closed.
[0m20:45:26.846093 [debug] [MainThread]: Sending event: {'category': 'dbt', 'action': 'invocation', 'label': 'end', 'context': [<snowplow_tracker.self_describing_json.SelfDescribingJson object at 0x12a247ad0>, <snowplow_tracker.self_describing_json.SelfDescribingJson object at 0x10450b510>, <snowplow_tracker.self_describing_json.SelfDescribingJson object at 0x10450bc90>]}
[0m20:45:26.846563 [debug] [MainThread]: Flushing usage events
[0m20:45:28.025815 [debug] [MainThread]: Sending event: {'category': 'dbt', 'action': 'invocation', 'label': 'start', 'context': [<snowplow_tracker.self_describing_json.SelfDescribingJson object at 0x1069b2f90>, <snowplow_tracker.self_describing_json.SelfDescribingJson object at 0x1069d9590>, <snowplow_tracker.self_describing_json.SelfDescribingJson object at 0x1069fe490>]}


============================== 20:45:28.027747 | 1d62f89b-b9ee-4c70-8963-44c950a2b59c ==============================
[0m20:45:28.027747 [info ] [MainThread]: Running with dbt=1.8.7
[0m20:45:28.028042 [debug] [MainThread]: running dbt with arguments {'printer_width': '80', 'indirect_selection': 'eager', 'write_json': 'True', 'log_cache_events': 'False', 'partial_parse': 'True', 'cache_selected_only': 'False', 'warn_error': 'None', 'version_check': 'True', 'profiles_dir': '.', 'log_path': '/Users/liamtabibzadeh/Documents/hobby/SummaryAI/transform/ecommerce_metrics/logs', 'fail_fast': 'False', 'debug': 'False', 'use_colors': 'True', 'use_experimental_parser': 'False', 'no_print': 'None', 'quiet': 'False', 'empty': 'False', 'log_format': 'default', 'invocation_command': 'dbt run --profiles-dir .', 'warn_error_options': 'WarnErrorOptions(include=[], exclude=[])', 'static_parser': 'True', 'target_path': 'None', 'introspect': 'True', 'send_anonymous_usage_stats': 'True'}
[0m20:45:28.693950 [debug] [MainThread]: Sending event: {'category': 'dbt', 'action': 'project_id', 'label': '1d62f89b-b9ee-4c70-8963-44c950a2b59c', 'context': [<snowplow_tracker.self_describing_json.SelfDescribingJson object at 0x122a4b890>]}
[0m20:45:28.720137 [debug] [MainThread]: Sending event: {'category': 'dbt', 'action': 'adapter_info', 'label': '1d62f89b-b9ee-4c70-8963-44c950a2b59c', 'context': [<snowplow_tracker.self_describing_json.SelfDescribingJson object at 0x104e3f810>]}
[0m20:45:28.720434 [info ] [MainThread]: Registered adapter: bigquery=1.8.2
[0m20:45:28.730027 [debug] [MainThread]: checksum: 4af21dafb485259c48497ac86b711ddb1982f3d0f1c0ca4e09356de488b753c0, vars: {}, profile: , target: , version: 1.8.7
[0m20:45:28.790890 [debug] [MainThread]: Partial parsing enabled: 0 files deleted, 0 files added, 0 files changed.
[0m20:45:28.791120 [debug] [MainThread]: Partial parsing enabled, no changes found, skipping parsing
[0m20:45:28.809987 [debug] [MainThread]: Sending event: {'category': 'dbt', 'action': 'load_project', 'label': '1d62f89b-b9ee-4c70-8963-44c950a2b59c', 'context': [<snowplow_tracker.self_describing_json.SelfDescribingJson object at 0x12296b390>]}
[0m20:45:28.893434 [debug] [MainThread]: Sending event: {'category': 'dbt', 'action': 'resource_counts', 'label': '1d62f89b-b9ee-4c70-8963-44c950a2b59c', 'context': [<snowplow_tracker.self_describing_json.SelfDescribingJson object at 0x122d95fd0>]}
[0m20:45:28.893703 [info ] [MainThread]: Found 6 models, 3 data tests, 2 sources, 479 macros
[0m20:45:28.893881 [debug] [MainThread]: Sending event: {'category': 'dbt', 'action': 'runnable_timing', 'label': '1d62f89b-b9ee-4c70-8963-44c950a2b59c', 'context': [<snowplow_tracker.self_describing_json.SelfDescribingJson object at 0x122d3b690>]}
[0m20:45:28.894610 [info ] [MainThread]: 
[0m20:45:28.894866 [debug] [MainThread]: Acquiring new bigquery connection 'master'
[0m20:45:28.896695 [debug] [ThreadPool]: Acquiring new bigquery connection 'list_pipeline-466508'
[0m20:45:28.896923 [debug] [ThreadPool]: Opening a new connection, currently in state init
[0m20:45:29.388425 [debug] [ThreadPool]: Re-using an available connection from the pool (formerly list_pipeline-466508, now list_pipeline-466508_ecommerce_analytics)
[0m20:45:29.389619 [debug] [ThreadPool]: Opening a new connection, currently in state closed
[0m20:45:29.802775 [debug] [MainThread]: Sending event: {'category': 'dbt', 'action': 'runnable_timing', 'label': '1d62f89b-b9ee-4c70-8963-44c950a2b59c', 'context': [<snowplow_tracker.self_describing_json.SelfDescribingJson object at 0x1223fa110>]}
[0m20:45:29.803506 [info ] [MainThread]: Concurrency: 1 threads (target='dev')
[0m20:45:29.803847 [info ] [MainThread]: 
[0m20:45:29.807248 [debug] [Thread-1 (]: Began running node model.ecommerce_metrics.data_end_date
[0m20:45:29.807703 [info ] [Thread-1 (]: 1 of 6 START sql table model ecommerce_analytics.data_end_date ................. [RUN]
[0m20:45:29.808102 [debug] [Thread-1 (]: Re-using an available connection from the pool (formerly list_pipeline-466508_ecommerce_analytics, now model.ecommerce_metrics.data_end_date)
[0m20:45:29.808389 [debug] [Thread-1 (]: Began compiling node model.ecommerce_metrics.data_end_date
[0m20:45:29.816102 [debug] [Thread-1 (]: Writing injected SQL for node "model.ecommerce_metrics.data_end_date"
[0m20:45:29.816835 [debug] [Thread-1 (]: Began executing node model.ecommerce_metrics.data_end_date
[0m20:45:29.826697 [debug] [Thread-1 (]: Opening a new connection, currently in state closed
[0m20:45:30.307554 [debug] [Thread-1 (]: Writing runtime sql for node "model.ecommerce_metrics.data_end_date"
[0m20:45:30.308553 [debug] [Thread-1 (]: On model.ecommerce_metrics.data_end_date: /* {"app": "dbt", "dbt_version": "1.8.7", "profile_name": "ecommerce_metrics", "target_name": "dev", "node_id": "model.ecommerce_metrics.data_end_date"} */

  
    

    create or replace table `pipeline-466508`.`ecommerce_analytics`.`data_end_date`
      
    
    

    OPTIONS()
    as (
      -- Data freshness indicator
-- Shows the latest date in the events table

SELECT MAX(DATE(created_at)) AS data_end_date
FROM `bigquery-public-data`.`thelook_ecommerce`.`events`
    );
  
[0m20:45:31.285213 [debug] [Thread-1 (]: BigQuery adapter: https://console.cloud.google.com/bigquery?project=pipeline-466508&j=bq:US:d762c804-3dc6-47a3-a964-2d3303f15332&page=queryresults
[0m20:45:33.474169 [debug] [Thread-1 (]: Sending event: {'category': 'dbt', 'action': 'run_model', 'label': '1d62f89b-b9ee-4c70-8963-44c950a2b59c', 'context': [<snowplow_tracker.self_describing_json.SelfDescribingJson object at 0x122c74290>]}
[0m20:45:33.474851 [info ] [Thread-1 (]: 1 of 6 OK created sql table model ecommerce_analytics.data_end_date ............ [[32mCREATE TABLE (1.0 rows, 18.5 MiB processed)[0m in 3.67s]
[0m20:45:33.475354 [debug] [Thread-1 (]: Finished running node model.ecommerce_metrics.data_end_date
[0m20:45:33.475708 [debug] [Thread-1 (]: Began running node model.ecommerce_metrics.funnel
[0m20:45:33.476210 [info ] [Thread-1 (]: 2 of 6 START sql table model ecommerce_analytics.funnel ........................ [RUN]
[0m20:45:33.476658 [debug] [Thread-1 (]: Re-using an available connection from the pool (formerly model.ecommerce_metrics.data_end_date, now model.ecommerce_metrics.funnel)
[0m20:45:33.476963 [debug] [Thread-1 (]: Began compiling node model.ecommerce_metrics.funnel
[0m20:45:33.479641 [debug] [Thread-1 (]: Writing injected SQL for node "model.ecommerce_metrics.funnel"
[0m20:45:33.480187 [debug] [Thread-1 (]: Began executing node model.ecommerce_metrics.funnel
[0m20:45:33.481841 [debug] [Thread-1 (]: Opening a new connection, currently in state closed
[0m20:45:33.899216 [debug] [Thread-1 (]: Writing runtime sql for node "model.ecommerce_metrics.funnel"
[0m20:45:33.900455 [debug] [Thread-1 (]: On model.ecommerce_metrics.funnel: /* {"app": "dbt", "dbt_version": "1.8.7", "profile_name": "ecommerce_metrics", "target_name": "dev", "node_id": "model.ecommerce_metrics.funnel"} */

  
    

    create or replace table `pipeline-466508`.`ecommerce_analytics`.`funnel`
      
    
    

    OPTIONS()
    as (
      -- Shopping Funnel for Latest Full Month
-- 5-step funnel: home → department → product → cart → purchase

WITH latest_full_month AS (
  SELECT DATE_SUB(DATE_TRUNC(CURRENT_DATE(), MONTH), INTERVAL 1 MONTH) AS month
),

month_events AS (
  SELECT 
    session_id, 
    event_type
  FROM `bigquery-public-data`.`thelook_ecommerce`.`events`
  CROSS JOIN latest_full_month
  WHERE DATE_TRUNC(DATE(created_at), MONTH) = latest_full_month.month
),

sessions AS (
  SELECT 
    session_id, 
    ARRAY_AGG(DISTINCT event_type) AS steps
  FROM month_events
  GROUP BY session_id
),

counts AS (
  SELECT
    COUNTIF('home' IN UNNEST(steps)) AS s1,
    COUNTIF('home' IN UNNEST(steps) AND 'department' IN UNNEST(steps)) AS s2,
    COUNTIF('home' IN UNNEST(steps) AND 'department' IN UNNEST(steps) AND 'product' IN UNNEST(steps)) AS s3,
    COUNTIF('home' IN UNNEST(steps) AND 'department' IN UNNEST(steps) AND 'product' IN UNNEST(steps) AND 'cart' IN UNNEST(steps)) AS s4,
    COUNTIF('home' IN UNNEST(steps) AND 'department' IN UNNEST(steps) AND 'product' IN UNNEST(steps) AND 'cart' IN UNNEST(steps) AND 'purchase' IN UNNEST(steps)) AS s5
  FROM sessions
)

SELECT * FROM (
  SELECT 1 AS step, s1 AS sessions FROM counts UNION ALL
  SELECT 2, s2 FROM counts UNION ALL
  SELECT 3, s3 FROM counts UNION ALL
  SELECT 4, s4 FROM counts UNION ALL
  SELECT 5, s5 FROM counts
)
ORDER BY step
    );
  
[0m20:45:34.332611 [debug] [Thread-1 (]: BigQuery adapter: https://console.cloud.google.com/bigquery?project=pipeline-466508&j=bq:US:c72a91e1-b55f-4268-8587-8789da3b4f6b&page=queryresults
[0m20:45:36.734392 [debug] [Thread-1 (]: Sending event: {'category': 'dbt', 'action': 'run_model', 'label': '1d62f89b-b9ee-4c70-8963-44c950a2b59c', 'context': [<snowplow_tracker.self_describing_json.SelfDescribingJson object at 0x122ab14d0>]}
[0m20:45:36.735149 [info ] [Thread-1 (]: 2 of 6 OK created sql table model ecommerce_analytics.funnel ................... [[32mCREATE TABLE (5.0 rows, 127.0 MiB processed)[0m in 3.26s]
[0m20:45:36.735726 [debug] [Thread-1 (]: Finished running node model.ecommerce_metrics.funnel
[0m20:45:36.736135 [debug] [Thread-1 (]: Began running node model.ecommerce_metrics.mau
[0m20:45:36.736633 [info ] [Thread-1 (]: 3 of 6 START sql table model ecommerce_analytics.mau ........................... [RUN]
[0m20:45:36.737085 [debug] [Thread-1 (]: Re-using an available connection from the pool (formerly model.ecommerce_metrics.funnel, now model.ecommerce_metrics.mau)
[0m20:45:36.737394 [debug] [Thread-1 (]: Began compiling node model.ecommerce_metrics.mau
[0m20:45:36.742800 [debug] [Thread-1 (]: Writing injected SQL for node "model.ecommerce_metrics.mau"
[0m20:45:36.743565 [debug] [Thread-1 (]: Began executing node model.ecommerce_metrics.mau
[0m20:45:36.745382 [debug] [Thread-1 (]: Opening a new connection, currently in state closed
[0m20:45:37.129911 [debug] [Thread-1 (]: Writing runtime sql for node "model.ecommerce_metrics.mau"
[0m20:45:37.131103 [debug] [Thread-1 (]: On model.ecommerce_metrics.mau: /* {"app": "dbt", "dbt_version": "1.8.7", "profile_name": "ecommerce_metrics", "target_name": "dev", "node_id": "model.ecommerce_metrics.mau"} */

  
    

    create or replace table `pipeline-466508`.`ecommerce_analytics`.`mau`
      
    
    

    OPTIONS()
    as (
      -- Monthly Active Users (MAU)
-- Excludes current month to show only complete months

WITH base AS (
  SELECT 
    DATE_TRUNC(DATE(created_at), MONTH) AS month, 
    user_id
  FROM `bigquery-public-data`.`thelook_ecommerce`.`events`
  WHERE DATE_TRUNC(DATE(created_at), MONTH) < DATE_TRUNC(CURRENT_DATE(), MONTH)
)

SELECT 
  month, 
  COUNT(DISTINCT user_id) AS mau
FROM base
GROUP BY month
ORDER BY month
    );
  
[0m20:45:37.605610 [debug] [Thread-1 (]: BigQuery adapter: https://console.cloud.google.com/bigquery?project=pipeline-466508&j=bq:US:9306aae3-f7ce-403a-8c77-28c429d521ec&page=queryresults
[0m20:45:40.534667 [debug] [Thread-1 (]: Sending event: {'category': 'dbt', 'action': 'run_model', 'label': '1d62f89b-b9ee-4c70-8963-44c950a2b59c', 'context': [<snowplow_tracker.self_describing_json.SelfDescribingJson object at 0x1061a3250>]}
[0m20:45:40.535550 [info ] [Thread-1 (]: 3 of 6 OK created sql table model ecommerce_analytics.mau ...................... [[32mCREATE TABLE (79.0 rows, 28.4 MiB processed)[0m in 3.80s]
[0m20:45:40.536158 [debug] [Thread-1 (]: Finished running node model.ecommerce_metrics.mau
[0m20:45:40.536597 [debug] [Thread-1 (]: Began running node model.ecommerce_metrics.platform_share
[0m20:45:40.537233 [info ] [Thread-1 (]: 4 of 6 START sql table model ecommerce_analytics.platform_share ................ [RUN]
[0m20:45:40.537732 [debug] [Thread-1 (]: Re-using an available connection from the pool (formerly model.ecommerce_metrics.mau, now model.ecommerce_metrics.platform_share)
[0m20:45:40.538042 [debug] [Thread-1 (]: Began compiling node model.ecommerce_metrics.platform_share
[0m20:45:40.540670 [debug] [Thread-1 (]: Writing injected SQL for node "model.ecommerce_metrics.platform_share"
[0m20:45:40.541296 [debug] [Thread-1 (]: Began executing node model.ecommerce_metrics.platform_share
[0m20:45:40.543194 [debug] [Thread-1 (]: Opening a new connection, currently in state closed
[0m20:45:41.067113 [debug] [Thread-1 (]: Writing runtime sql for node "model.ecommerce_metrics.platform_share"
[0m20:45:41.068176 [debug] [Thread-1 (]: On model.ecommerce_metrics.platform_share: /* {"app": "dbt", "dbt_version": "1.8.7", "profile_name": "ecommerce_metrics", "target_name": "dev", "node_id": "model.ecommerce_metrics.platform_share"} */

  
    

    create or replace table `pipeline-466508`.`ecommerce_analytics`.`platform_share`
      
    
    

    OPTIONS()
    as (
      -- Users by Platform (Android/iOS/Desktop/Web)
-- Assigns each user their dominant platform based on most recent activity

WITH classified AS (
  SELECT
    user_id,
    CASE
      WHEN REGEXP_CONTAINS(LOWER(browser), r'android') THEN 'Android'
      WHEN REGEXP_CONTAINS(LOWER(browser), r'(mobile safari|iphone|ipad|ios|crios)') THEN 'iOS'
      WHEN REGEXP_CONTAINS(LOWER(browser), r'mobile') THEN 'Web'
      ELSE 'Desktop'
    END AS platform,
    TIMESTAMP(created_at) AS ts
  FROM `bigquery-public-data`.`thelook_ecommerce`.`events`
),

latest_per_user AS (
  SELECT 
    user_id,
    platform
  FROM (
    SELECT 
      user_id,
      platform,
      ROW_NUMBER() OVER (PARTITION BY user_id ORDER BY ts DESC) AS rn
    FROM classified
  )
  WHERE rn = 1
)

SELECT
  platform,
  COUNT(*) AS users,
  SAFE_DIVIDE(COUNT(*), SUM(COUNT(*)) OVER ()) AS share
FROM latest_per_user
GROUP BY platform
ORDER BY users DESC
    );
  
[0m20:45:41.507822 [debug] [Thread-1 (]: BigQuery adapter: https://console.cloud.google.com/bigquery?project=pipeline-466508&j=bq:US:a21b0258-d3cc-4a61-8714-713f45fa40b5&page=queryresults
[0m20:45:45.062192 [debug] [Thread-1 (]: Sending event: {'category': 'dbt', 'action': 'run_model', 'label': '1d62f89b-b9ee-4c70-8963-44c950a2b59c', 'context': [<snowplow_tracker.self_describing_json.SelfDescribingJson object at 0x122082250>]}
[0m20:45:45.062975 [info ] [Thread-1 (]: 4 of 6 OK created sql table model ecommerce_analytics.platform_share ........... [[32mCREATE TABLE (1.0 rows, 46.8 MiB processed)[0m in 4.52s]
[0m20:45:45.063578 [debug] [Thread-1 (]: Finished running node model.ecommerce_metrics.platform_share
[0m20:45:45.063999 [debug] [Thread-1 (]: Began running node model.ecommerce_metrics.retention
[0m20:45:45.064561 [info ] [Thread-1 (]: 5 of 6 START sql table model ecommerce_analytics.retention ..................... [RUN]
[0m20:45:45.065084 [debug] [Thread-1 (]: Re-using an available connection from the pool (formerly model.ecommerce_metrics.platform_share, now model.ecommerce_metrics.retention)
[0m20:45:45.065445 [debug] [Thread-1 (]: Began compiling node model.ecommerce_metrics.retention
[0m20:45:45.068857 [debug] [Thread-1 (]: Writing injected SQL for node "model.ecommerce_metrics.retention"
[0m20:45:45.069668 [debug] [Thread-1 (]: Began executing node model.ecommerce_metrics.retention
[0m20:45:45.071696 [debug] [Thread-1 (]: Opening a new connection, currently in state closed
[0m20:45:45.456678 [debug] [Thread-1 (]: Writing runtime sql for node "model.ecommerce_metrics.retention"
[0m20:45:45.457886 [debug] [Thread-1 (]: On model.ecommerce_metrics.retention: /* {"app": "dbt", "dbt_version": "1.8.7", "profile_name": "ecommerce_metrics", "target_name": "dev", "node_id": "model.ecommerce_metrics.retention"} */

  
    

    create or replace table `pipeline-466508`.`ecommerce_analytics`.`retention`
      
    
    

    OPTIONS()
    as (
      -- Monthly Cohort Retention Analysis
-- Shows retention rates for the 5 most recent cohorts

WITH cohort AS (
  SELECT 
    id AS user_id, 
    DATE_TRUNC(DATE(created_at), MONTH) AS cohort_month
  FROM `bigquery-public-data`.`thelook_ecommerce`.`users`
  WHERE DATE_TRUNC(DATE(created_at), MONTH) < DATE_TRUNC(CURRENT_DATE(), MONTH)
),

activity AS (
  SELECT DISTINCT 
    user_id, 
    DATE_TRUNC(DATE(created_at), MONTH) AS active_month
  FROM `bigquery-public-data`.`thelook_ecommerce`.`events`
),

matrix AS (
  SELECT 
    c.cohort_month,
    DATE_DIFF(a.active_month, c.cohort_month, MONTH) AS age_month,
    COUNT(DISTINCT a.user_id) AS active_users
  FROM cohort c
  JOIN activity a USING (user_id)
  WHERE DATE_DIFF(a.active_month, c.cohort_month, MONTH) >= 0
  GROUP BY c.cohort_month, age_month
),

sizes AS (
  SELECT 
    cohort_month, 
    COUNT(*) AS cohort_size
  FROM cohort
  GROUP BY cohort_month
),

rates AS (
  SELECT 
    m.cohort_month, 
    m.age_month, 
    m.active_users, 
    s.cohort_size,
    SAFE_DIVIDE(m.active_users, s.cohort_size) AS retention_rate
  FROM matrix m
  JOIN sizes s USING (cohort_month)
),

ranked AS (
  SELECT 
    cohort_month, 
    cohort_size,
    DENSE_RANK() OVER (ORDER BY cohort_month DESC) AS rnk
  FROM sizes
)

SELECT
  r.cohort_month,
  CONCAT(
    CAST(EXTRACT(YEAR FROM r.cohort_month) AS STRING), 
    '-', 
    LPAD(CAST(EXTRACT(MONTH FROM r.cohort_month) AS STRING), 2, '0')
  ) AS cohort_label,
  rates.age_month,
  rates.retention_rate
FROM rates
JOIN ranked r USING (cohort_month)
WHERE r.rnk <= 5
  AND r.cohort_size >= 50  -- Filter small cohorts
ORDER BY cohort_month, age_month
    );
  
[0m20:45:45.981750 [debug] [Thread-1 (]: BigQuery adapter: https://console.cloud.google.com/bigquery?project=pipeline-466508&j=bq:US:cebcdea2-45a1-4a5e-bcab-c9ddc28bb422&page=queryresults
[0m20:45:49.091036 [debug] [Thread-1 (]: Sending event: {'category': 'dbt', 'action': 'run_model', 'label': '1d62f89b-b9ee-4c70-8963-44c950a2b59c', 'context': [<snowplow_tracker.self_describing_json.SelfDescribingJson object at 0x122c637d0>]}
[0m20:45:49.092441 [info ] [Thread-1 (]: 5 of 6 OK created sql table model ecommerce_analytics.retention ................ [[32mCREATE TABLE (20.0 rows, 30.0 MiB processed)[0m in 4.03s]
[0m20:45:49.093345 [debug] [Thread-1 (]: Finished running node model.ecommerce_metrics.retention
[0m20:45:49.093915 [debug] [Thread-1 (]: Began running node model.ecommerce_metrics.users_by_country
[0m20:45:49.094597 [info ] [Thread-1 (]: 6 of 6 START sql table model ecommerce_analytics.users_by_country .............. [RUN]
[0m20:45:49.095279 [debug] [Thread-1 (]: Re-using an available connection from the pool (formerly model.ecommerce_metrics.retention, now model.ecommerce_metrics.users_by_country)
[0m20:45:49.095785 [debug] [Thread-1 (]: Began compiling node model.ecommerce_metrics.users_by_country
[0m20:45:49.099425 [debug] [Thread-1 (]: Writing injected SQL for node "model.ecommerce_metrics.users_by_country"
[0m20:45:49.100248 [debug] [Thread-1 (]: Began executing node model.ecommerce_metrics.users_by_country
[0m20:45:49.102591 [debug] [Thread-1 (]: Opening a new connection, currently in state closed
[0m20:45:49.499381 [debug] [Thread-1 (]: Writing runtime sql for node "model.ecommerce_metrics.users_by_country"
[0m20:45:49.500647 [debug] [Thread-1 (]: On model.ecommerce_metrics.users_by_country: /* {"app": "dbt", "dbt_version": "1.8.7", "profile_name": "ecommerce_metrics", "target_name": "dev", "node_id": "model.ecommerce_metrics.users_by_country"} */

  
    

    create or replace table `pipeline-466508`.`ecommerce_analytics`.`users_by_country`
      
    
    

    OPTIONS()
    as (
      -- Users by Country
-- Counts users by country, filtering out nulls

SELECT 
  country, 
  COUNT(*) AS users
FROM `bigquery-public-data`.`thelook_ecommerce`.`users`
WHERE country IS NOT NULL
GROUP BY country
ORDER BY users DESC
    );
  
[0m20:45:49.975681 [debug] [Thread-1 (]: BigQuery adapter: https://console.cloud.google.com/bigquery?project=pipeline-466508&j=bq:US:4f7cf9d0-41ea-4d61-8631-a97210ad2c77&page=queryresults
[0m20:45:52.073013 [debug] [Thread-1 (]: Sending event: {'category': 'dbt', 'action': 'run_model', 'label': '1d62f89b-b9ee-4c70-8963-44c950a2b59c', 'context': [<snowplow_tracker.self_describing_json.SelfDescribingJson object at 0x1069a5b90>]}
[0m20:45:52.073669 [info ] [Thread-1 (]: 6 of 6 OK created sql table model ecommerce_analytics.users_by_country ......... [[32mCREATE TABLE (15.0 rows, 968.8 KiB processed)[0m in 2.98s]
[0m20:45:52.074142 [debug] [Thread-1 (]: Finished running node model.ecommerce_metrics.users_by_country
[0m20:45:52.075083 [debug] [MainThread]: Connection 'master' was properly closed.
[0m20:45:52.075409 [debug] [MainThread]: Connection 'model.ecommerce_metrics.users_by_country' was properly closed.
[0m20:45:52.075788 [info ] [MainThread]: 
[0m20:45:52.076037 [info ] [MainThread]: Finished running 6 table models in 0 hours 0 minutes and 23.18 seconds (23.18s).
[0m20:45:52.076909 [debug] [MainThread]: Command end result
[0m20:45:52.098852 [info ] [MainThread]: 
[0m20:45:52.099114 [info ] [MainThread]: [32mCompleted successfully[0m
[0m20:45:52.099295 [info ] [MainThread]: 
[0m20:45:52.099482 [info ] [MainThread]: Done. PASS=6 WARN=0 ERROR=0 SKIP=0 TOTAL=6
[0m20:45:52.099756 [debug] [MainThread]: Resource report: {"command_name": "run", "command_success": true, "command_wall_clock_time": 24.103588, "process_user_time": 2.724367, "process_kernel_time": 1.288074, "process_mem_max_rss": "236437504", "process_in_blocks": "0", "process_out_blocks": "0"}
[0m20:45:52.100029 [debug] [MainThread]: Command `dbt run` succeeded at 20:45:52.099987 after 24.10 seconds
[0m20:45:52.100231 [debug] [MainThread]: Sending event: {'category': 'dbt', 'action': 'invocation', 'label': 'end', 'context': [<snowplow_tracker.self_describing_json.SelfDescribingJson object at 0x102f6be50>, <snowplow_tracker.self_describing_json.SelfDescribingJson object at 0x105c00d50>, <snowplow_tracker.self_describing_json.SelfDescribingJson object at 0x102eedd90>]}
[0m20:45:52.100418 [debug] [MainThread]: Flushing usage events
[0m20:48:53.333945 [debug] [MainThread]: Sending event: {'category': 'dbt', 'action': 'invocation', 'label': 'start', 'context': [<snowplow_tracker.self_describing_json.SelfDescribingJson object at 0x1077ef9d0>, <snowplow_tracker.self_describing_json.SelfDescribingJson object at 0x110b89310>, <snowplow_tracker.self_describing_json.SelfDescribingJson object at 0x110b89c10>]}


============================== 20:48:53.336252 | fe9c8dcb-2ead-4af7-ae23-6e696a753b7e ==============================
[0m20:48:53.336252 [info ] [MainThread]: Running with dbt=1.8.7
[0m20:48:53.336546 [debug] [MainThread]: running dbt with arguments {'printer_width': '80', 'indirect_selection': 'eager', 'log_cache_events': 'False', 'write_json': 'True', 'partial_parse': 'True', 'cache_selected_only': 'False', 'profiles_dir': '.', 'version_check': 'True', 'fail_fast': 'False', 'log_path': '/Users/liamtabibzadeh/Documents/hobby/SummaryAI/transform/ecommerce_metrics/logs', 'debug': 'False', 'warn_error': 'None', 'use_colors': 'True', 'use_experimental_parser': 'False', 'empty': 'False', 'quiet': 'False', 'no_print': 'None', 'warn_error_options': 'WarnErrorOptions(include=[], exclude=[])', 'static_parser': 'True', 'introspect': 'True', 'log_format': 'default', 'target_path': 'None', 'invocation_command': 'dbt run --models platform_share funnel --profiles-dir .', 'send_anonymous_usage_stats': 'True'}
[0m20:48:54.044270 [debug] [MainThread]: Sending event: {'category': 'dbt', 'action': 'project_id', 'label': 'fe9c8dcb-2ead-4af7-ae23-6e696a753b7e', 'context': [<snowplow_tracker.self_describing_json.SelfDescribingJson object at 0x1687a5c90>]}
[0m20:48:54.070711 [debug] [MainThread]: Sending event: {'category': 'dbt', 'action': 'adapter_info', 'label': 'fe9c8dcb-2ead-4af7-ae23-6e696a753b7e', 'context': [<snowplow_tracker.self_describing_json.SelfDescribingJson object at 0x105650710>]}
[0m20:48:54.071005 [info ] [MainThread]: Registered adapter: bigquery=1.8.2
[0m20:48:54.082086 [debug] [MainThread]: checksum: 4af21dafb485259c48497ac86b711ddb1982f3d0f1c0ca4e09356de488b753c0, vars: {}, profile: , target: , version: 1.8.7
[0m20:48:54.156513 [debug] [MainThread]: Partial parsing enabled: 0 files deleted, 0 files added, 2 files changed.
[0m20:48:54.156847 [debug] [MainThread]: Partial parsing: updated file: ecommerce_metrics://models/platform_share.sql
[0m20:48:54.157025 [debug] [MainThread]: Partial parsing: updated file: ecommerce_metrics://models/funnel.sql
[0m20:48:54.349664 [debug] [MainThread]: Sending event: {'category': 'dbt', 'action': 'load_project', 'label': 'fe9c8dcb-2ead-4af7-ae23-6e696a753b7e', 'context': [<snowplow_tracker.self_describing_json.SelfDescribingJson object at 0x168c99990>]}
[0m20:48:54.393455 [debug] [MainThread]: Sending event: {'category': 'dbt', 'action': 'resource_counts', 'label': 'fe9c8dcb-2ead-4af7-ae23-6e696a753b7e', 'context': [<snowplow_tracker.self_describing_json.SelfDescribingJson object at 0x110b41490>]}
[0m20:48:54.393706 [info ] [MainThread]: Found 6 models, 3 data tests, 2 sources, 479 macros
[0m20:48:54.393871 [debug] [MainThread]: Sending event: {'category': 'dbt', 'action': 'runnable_timing', 'label': 'fe9c8dcb-2ead-4af7-ae23-6e696a753b7e', 'context': [<snowplow_tracker.self_describing_json.SelfDescribingJson object at 0x16a283650>]}
[0m20:48:54.394436 [info ] [MainThread]: 
[0m20:48:54.394667 [debug] [MainThread]: Acquiring new bigquery connection 'master'
[0m20:48:54.396224 [debug] [ThreadPool]: Acquiring new bigquery connection 'list_pipeline-466508'
[0m20:48:54.396408 [debug] [ThreadPool]: Opening a new connection, currently in state init
[0m20:48:54.838811 [debug] [ThreadPool]: Re-using an available connection from the pool (formerly list_pipeline-466508, now list_pipeline-466508_ecommerce_analytics)
[0m20:48:54.839255 [debug] [ThreadPool]: Opening a new connection, currently in state closed
[0m20:48:55.322664 [debug] [MainThread]: Sending event: {'category': 'dbt', 'action': 'runnable_timing', 'label': 'fe9c8dcb-2ead-4af7-ae23-6e696a753b7e', 'context': [<snowplow_tracker.self_describing_json.SelfDescribingJson object at 0x106e8ecd0>]}
[0m20:48:55.323636 [info ] [MainThread]: Concurrency: 1 threads (target='dev')
[0m20:48:55.324014 [info ] [MainThread]: 
[0m20:48:55.326632 [debug] [Thread-1 (]: Began running node model.ecommerce_metrics.funnel
[0m20:48:55.327077 [info ] [Thread-1 (]: 1 of 2 START sql table model ecommerce_analytics.funnel ........................ [RUN]
[0m20:48:55.327459 [debug] [Thread-1 (]: Re-using an available connection from the pool (formerly list_pipeline-466508_ecommerce_analytics, now model.ecommerce_metrics.funnel)
[0m20:48:55.327749 [debug] [Thread-1 (]: Began compiling node model.ecommerce_metrics.funnel
[0m20:48:55.334470 [debug] [Thread-1 (]: Writing injected SQL for node "model.ecommerce_metrics.funnel"
[0m20:48:55.335086 [debug] [Thread-1 (]: Began executing node model.ecommerce_metrics.funnel
[0m20:48:55.345921 [debug] [Thread-1 (]: Opening a new connection, currently in state closed
[0m20:48:55.815983 [debug] [Thread-1 (]: Writing runtime sql for node "model.ecommerce_metrics.funnel"
[0m20:48:55.816807 [debug] [Thread-1 (]: On model.ecommerce_metrics.funnel: /* {"app": "dbt", "dbt_version": "1.8.7", "profile_name": "ecommerce_metrics", "target_name": "dev", "node_id": "model.ecommerce_metrics.funnel"} */

  
    

    create or replace table `pipeline-466508`.`ecommerce_analytics`.`funnel`
      
    
    

    OPTIONS()
    as (
      -- Shopping Funnel for Latest Full Month
-- 5-step funnel: home → department → product → cart → purchase

WITH latest_full_month AS (
  SELECT DATE('2025-06-01') AS month
),

month_events AS (
  SELECT 
    session_id, 
    event_type
  FROM `bigquery-public-data`.`thelook_ecommerce`.`events`
  CROSS JOIN latest_full_month
  WHERE DATE_TRUNC(DATE(created_at), MONTH) = latest_full_month.month
),

sessions AS (
  SELECT 
    session_id, 
    ARRAY_AGG(DISTINCT event_type) AS steps
  FROM month_events
  GROUP BY session_id
),

counts AS (
  SELECT
    COUNTIF('home' IN UNNEST(steps)) AS s1,
    COUNTIF('home' IN UNNEST(steps) AND 'department' IN UNNEST(steps)) AS s2,
    COUNTIF('home' IN UNNEST(steps) AND 'department' IN UNNEST(steps) AND 'product' IN UNNEST(steps)) AS s3,
    COUNTIF('home' IN UNNEST(steps) AND 'department' IN UNNEST(steps) AND 'product' IN UNNEST(steps) AND 'cart' IN UNNEST(steps)) AS s4,
    COUNTIF('home' IN UNNEST(steps) AND 'department' IN UNNEST(steps) AND 'product' IN UNNEST(steps) AND 'cart' IN UNNEST(steps) AND 'purchase' IN UNNEST(steps)) AS s5
  FROM sessions
)

SELECT * FROM (
  SELECT 1 AS step, s1 AS sessions FROM counts UNION ALL
  SELECT 2, s2 FROM counts UNION ALL
  SELECT 3, s3 FROM counts UNION ALL
  SELECT 4, s4 FROM counts UNION ALL
  SELECT 5, s5 FROM counts
)
ORDER BY step
    );
  
[0m20:48:56.446845 [debug] [Thread-1 (]: BigQuery adapter: https://console.cloud.google.com/bigquery?project=pipeline-466508&j=bq:US:c3b416cb-7532-4fc5-a911-a54eb76c1f22&page=queryresults
[0m20:48:58.900816 [debug] [Thread-1 (]: Sending event: {'category': 'dbt', 'action': 'run_model', 'label': 'fe9c8dcb-2ead-4af7-ae23-6e696a753b7e', 'context': [<snowplow_tracker.self_describing_json.SelfDescribingJson object at 0x168c8bf90>]}
[0m20:48:58.901597 [info ] [Thread-1 (]: 1 of 2 OK created sql table model ecommerce_analytics.funnel ................... [[32mCREATE TABLE (5.0 rows, 127.0 MiB processed)[0m in 3.57s]
[0m20:48:58.902136 [debug] [Thread-1 (]: Finished running node model.ecommerce_metrics.funnel
[0m20:48:58.902522 [debug] [Thread-1 (]: Began running node model.ecommerce_metrics.platform_share
[0m20:48:58.902999 [info ] [Thread-1 (]: 2 of 2 START sql table model ecommerce_analytics.platform_share ................ [RUN]
[0m20:48:58.903456 [debug] [Thread-1 (]: Re-using an available connection from the pool (formerly model.ecommerce_metrics.funnel, now model.ecommerce_metrics.platform_share)
[0m20:48:58.903777 [debug] [Thread-1 (]: Began compiling node model.ecommerce_metrics.platform_share
[0m20:48:58.906439 [debug] [Thread-1 (]: Writing injected SQL for node "model.ecommerce_metrics.platform_share"
[0m20:48:58.907189 [debug] [Thread-1 (]: Began executing node model.ecommerce_metrics.platform_share
[0m20:48:58.908878 [debug] [Thread-1 (]: Opening a new connection, currently in state closed
[0m20:48:59.314364 [debug] [Thread-1 (]: Writing runtime sql for node "model.ecommerce_metrics.platform_share"
[0m20:48:59.315642 [debug] [Thread-1 (]: On model.ecommerce_metrics.platform_share: /* {"app": "dbt", "dbt_version": "1.8.7", "profile_name": "ecommerce_metrics", "target_name": "dev", "node_id": "model.ecommerce_metrics.platform_share"} */

  
    

    create or replace table `pipeline-466508`.`ecommerce_analytics`.`platform_share`
      
    
    

    OPTIONS()
    as (
      -- Users by Platform (Android/iOS/Desktop/Web)
-- Assigns each user their dominant platform based on most recent activity

WITH classified AS (
  SELECT
    user_id,
    CASE
      WHEN LOWER(browser) = 'safari' THEN 'iOS'
      WHEN LOWER(browser) = 'chrome' THEN 'Desktop'
      WHEN LOWER(browser) = 'firefox' THEN 'Desktop'
      WHEN LOWER(browser) = 'ie' THEN 'Desktop'
      ELSE 'Web'
    END AS platform,
    TIMESTAMP(created_at) AS ts
  FROM `bigquery-public-data`.`thelook_ecommerce`.`events`
),

latest_per_user AS (
  SELECT 
    user_id,
    platform
  FROM (
    SELECT 
      user_id,
      platform,
      ROW_NUMBER() OVER (PARTITION BY user_id ORDER BY ts DESC) AS rn
    FROM classified
  )
  WHERE rn = 1
)

SELECT
  platform,
  COUNT(*) AS users,
  SAFE_DIVIDE(COUNT(*), SUM(COUNT(*)) OVER ()) AS share
FROM latest_per_user
GROUP BY platform
ORDER BY users DESC
    );
  
[0m20:48:59.817962 [debug] [Thread-1 (]: BigQuery adapter: https://console.cloud.google.com/bigquery?project=pipeline-466508&j=bq:US:db249fa7-b824-452b-9062-4a06e944c72d&page=queryresults
[0m20:49:03.410922 [debug] [Thread-1 (]: Sending event: {'category': 'dbt', 'action': 'run_model', 'label': 'fe9c8dcb-2ead-4af7-ae23-6e696a753b7e', 'context': [<snowplow_tracker.self_describing_json.SelfDescribingJson object at 0x16a2e3410>]}
[0m20:49:03.411815 [info ] [Thread-1 (]: 2 of 2 OK created sql table model ecommerce_analytics.platform_share ........... [[32mCREATE TABLE (3.0 rows, 46.8 MiB processed)[0m in 4.51s]
[0m20:49:03.412421 [debug] [Thread-1 (]: Finished running node model.ecommerce_metrics.platform_share
[0m20:49:03.413618 [debug] [MainThread]: Connection 'master' was properly closed.
[0m20:49:03.413911 [debug] [MainThread]: Connection 'model.ecommerce_metrics.platform_share' was properly closed.
[0m20:49:03.414224 [info ] [MainThread]: 
[0m20:49:03.414489 [info ] [MainThread]: Finished running 2 table models in 0 hours 0 minutes and 9.02 seconds (9.02s).
[0m20:49:03.415089 [debug] [MainThread]: Command end result
[0m20:49:03.437869 [info ] [MainThread]: 
[0m20:49:03.438133 [info ] [MainThread]: [32mCompleted successfully[0m
[0m20:49:03.438312 [info ] [MainThread]: 
[0m20:49:03.438492 [info ] [MainThread]: Done. PASS=2 WARN=0 ERROR=0 SKIP=0 TOTAL=2
[0m20:49:03.438788 [debug] [MainThread]: Resource report: {"command_name": "run", "command_success": true, "command_wall_clock_time": 10.134733, "process_user_time": 2.485295, "process_kernel_time": 1.288508, "process_mem_max_rss": "241549312", "process_in_blocks": "0", "process_out_blocks": "0"}
[0m20:49:03.439115 [debug] [MainThread]: Command `dbt run` succeeded at 20:49:03.439058 after 10.14 seconds
[0m20:49:03.439333 [debug] [MainThread]: Sending event: {'category': 'dbt', 'action': 'invocation', 'label': 'end', 'context': [<snowplow_tracker.self_describing_json.SelfDescribingJson object at 0x110b65490>, <snowplow_tracker.self_describing_json.SelfDescribingJson object at 0x1033e1150>, <snowplow_tracker.self_describing_json.SelfDescribingJson object at 0x1033e1090>]}
[0m20:49:03.439542 [debug] [MainThread]: Flushing usage events
[0m20:49:49.426774 [debug] [MainThread]: Sending event: {'category': 'dbt', 'action': 'invocation', 'label': 'start', 'context': [<snowplow_tracker.self_describing_json.SelfDescribingJson object at 0x104eab090>, <snowplow_tracker.self_describing_json.SelfDescribingJson object at 0x104f168d0>, <snowplow_tracker.self_describing_json.SelfDescribingJson object at 0x104efbb90>]}


============================== 20:49:49.428776 | cb1ec1de-fb36-4761-94ca-b11499cd76b5 ==============================
[0m20:49:49.428776 [info ] [MainThread]: Running with dbt=1.8.7
[0m20:49:49.429085 [debug] [MainThread]: running dbt with arguments {'printer_width': '80', 'indirect_selection': 'eager', 'write_json': 'True', 'log_cache_events': 'False', 'partial_parse': 'True', 'cache_selected_only': 'False', 'profiles_dir': '.', 'fail_fast': 'False', 'debug': 'False', 'log_path': '/Users/liamtabibzadeh/Documents/hobby/SummaryAI/transform/ecommerce_metrics/logs', 'warn_error': 'None', 'version_check': 'True', 'use_colors': 'True', 'use_experimental_parser': 'False', 'empty': 'False', 'quiet': 'False', 'no_print': 'None', 'log_format': 'default', 'introspect': 'True', 'warn_error_options': 'WarnErrorOptions(include=[], exclude=[])', 'static_parser': 'True', 'target_path': 'None', 'invocation_command': 'dbt run --models funnel --profiles-dir .', 'send_anonymous_usage_stats': 'True'}
[0m20:49:50.083660 [debug] [MainThread]: Sending event: {'category': 'dbt', 'action': 'project_id', 'label': 'cb1ec1de-fb36-4761-94ca-b11499cd76b5', 'context': [<snowplow_tracker.self_describing_json.SelfDescribingJson object at 0x136c9f9d0>]}
[0m20:49:50.110132 [debug] [MainThread]: Sending event: {'category': 'dbt', 'action': 'adapter_info', 'label': 'cb1ec1de-fb36-4761-94ca-b11499cd76b5', 'context': [<snowplow_tracker.self_describing_json.SelfDescribingJson object at 0x104ef9150>]}
[0m20:49:50.110433 [info ] [MainThread]: Registered adapter: bigquery=1.8.2
[0m20:49:50.119904 [debug] [MainThread]: checksum: 4af21dafb485259c48497ac86b711ddb1982f3d0f1c0ca4e09356de488b753c0, vars: {}, profile: , target: , version: 1.8.7
[0m20:49:50.180062 [debug] [MainThread]: Partial parsing enabled: 0 files deleted, 0 files added, 1 files changed.
[0m20:49:50.180354 [debug] [MainThread]: Partial parsing: updated file: ecommerce_metrics://models/funnel.sql
[0m20:49:50.369203 [debug] [MainThread]: Sending event: {'category': 'dbt', 'action': 'load_project', 'label': 'cb1ec1de-fb36-4761-94ca-b11499cd76b5', 'context': [<snowplow_tracker.self_describing_json.SelfDescribingJson object at 0x1371a74d0>]}
[0m20:49:50.407142 [debug] [MainThread]: Sending event: {'category': 'dbt', 'action': 'resource_counts', 'label': 'cb1ec1de-fb36-4761-94ca-b11499cd76b5', 'context': [<snowplow_tracker.self_describing_json.SelfDescribingJson object at 0x13600ec90>]}
[0m20:49:50.407384 [info ] [MainThread]: Found 6 models, 3 data tests, 2 sources, 479 macros
[0m20:49:50.407557 [debug] [MainThread]: Sending event: {'category': 'dbt', 'action': 'runnable_timing', 'label': 'cb1ec1de-fb36-4761-94ca-b11499cd76b5', 'context': [<snowplow_tracker.self_describing_json.SelfDescribingJson object at 0x13704f990>]}
[0m20:49:50.408077 [info ] [MainThread]: 
[0m20:49:50.408315 [debug] [MainThread]: Acquiring new bigquery connection 'master'
[0m20:49:50.408704 [debug] [ThreadPool]: Acquiring new bigquery connection 'list_pipeline-466508'
[0m20:49:50.408905 [debug] [ThreadPool]: Opening a new connection, currently in state init
[0m20:49:50.819013 [debug] [ThreadPool]: Re-using an available connection from the pool (formerly list_pipeline-466508, now list_pipeline-466508_ecommerce_analytics)
[0m20:49:50.819655 [debug] [ThreadPool]: Opening a new connection, currently in state closed
[0m20:49:51.213871 [debug] [MainThread]: Sending event: {'category': 'dbt', 'action': 'runnable_timing', 'label': 'cb1ec1de-fb36-4761-94ca-b11499cd76b5', 'context': [<snowplow_tracker.self_describing_json.SelfDescribingJson object at 0x136382bd0>]}
[0m20:49:51.214602 [info ] [MainThread]: Concurrency: 1 threads (target='dev')
[0m20:49:51.214949 [info ] [MainThread]: 
[0m20:49:51.217259 [debug] [Thread-1 (]: Began running node model.ecommerce_metrics.funnel
[0m20:49:51.217743 [info ] [Thread-1 (]: 1 of 1 START sql table model ecommerce_analytics.funnel ........................ [RUN]
[0m20:49:51.218125 [debug] [Thread-1 (]: Re-using an available connection from the pool (formerly list_pipeline-466508_ecommerce_analytics, now model.ecommerce_metrics.funnel)
[0m20:49:51.218447 [debug] [Thread-1 (]: Began compiling node model.ecommerce_metrics.funnel
[0m20:49:51.225069 [debug] [Thread-1 (]: Writing injected SQL for node "model.ecommerce_metrics.funnel"
[0m20:49:51.225666 [debug] [Thread-1 (]: Began executing node model.ecommerce_metrics.funnel
[0m20:49:51.235463 [debug] [Thread-1 (]: Opening a new connection, currently in state closed
[0m20:49:51.655854 [debug] [Thread-1 (]: Writing runtime sql for node "model.ecommerce_metrics.funnel"
[0m20:49:51.656591 [debug] [Thread-1 (]: On model.ecommerce_metrics.funnel: /* {"app": "dbt", "dbt_version": "1.8.7", "profile_name": "ecommerce_metrics", "target_name": "dev", "node_id": "model.ecommerce_metrics.funnel"} */

  
    

    create or replace table `pipeline-466508`.`ecommerce_analytics`.`funnel`
      
    
    

    OPTIONS()
    as (
      -- Shopping Funnel for Latest Full Month
-- 5-step funnel: home → department → product → cart → purchase

WITH latest_full_month AS (
  SELECT DATE('2025-06-01') AS month
),

month_events AS (
  SELECT 
    session_id, 
    event_type
  FROM `bigquery-public-data`.`thelook_ecommerce`.`events`
  CROSS JOIN latest_full_month
  WHERE DATE_TRUNC(DATE(created_at), MONTH) = latest_full_month.month
),

sessions AS (
  SELECT 
    session_id, 
    ARRAY_AGG(DISTINCT event_type) AS steps
  FROM month_events
  GROUP BY session_id
),

counts AS (
  SELECT
    COUNT(DISTINCT session_id) AS total_sessions,
    COUNTIF('department' IN UNNEST(steps)) AS s2,
    COUNTIF('product' IN UNNEST(steps)) AS s3,
    COUNTIF('cart' IN UNNEST(steps)) AS s4,
    COUNTIF('purchase' IN UNNEST(steps)) AS s5
  FROM sessions
)

SELECT * FROM (
  SELECT 1 AS step, total_sessions AS sessions FROM counts UNION ALL
  SELECT 2, s2 FROM counts UNION ALL
  SELECT 3, s3 FROM counts UNION ALL
  SELECT 4, s4 FROM counts UNION ALL
  SELECT 5, s5 FROM counts
)
ORDER BY step
    );
  
[0m20:49:52.345702 [debug] [Thread-1 (]: BigQuery adapter: https://console.cloud.google.com/bigquery?project=pipeline-466508&j=bq:US:a4035c07-cca3-4ed1-8141-6ccf5d5b985c&page=queryresults
[0m20:49:54.785012 [debug] [Thread-1 (]: Sending event: {'category': 'dbt', 'action': 'run_model', 'label': 'cb1ec1de-fb36-4761-94ca-b11499cd76b5', 'context': [<snowplow_tracker.self_describing_json.SelfDescribingJson object at 0x136c65f10>]}
[0m20:49:54.785552 [info ] [Thread-1 (]: 1 of 1 OK created sql table model ecommerce_analytics.funnel ................... [[32mCREATE TABLE (5.0 rows, 127.0 MiB processed)[0m in 3.57s]
[0m20:49:54.785950 [debug] [Thread-1 (]: Finished running node model.ecommerce_metrics.funnel
[0m20:49:54.786656 [debug] [MainThread]: Connection 'master' was properly closed.
[0m20:49:54.786844 [debug] [MainThread]: Connection 'model.ecommerce_metrics.funnel' was properly closed.
[0m20:49:54.787030 [info ] [MainThread]: 
[0m20:49:54.787224 [info ] [MainThread]: Finished running 1 table model in 0 hours 0 minutes and 4.38 seconds (4.38s).
[0m20:49:54.787580 [debug] [MainThread]: Command end result
[0m20:49:54.804171 [info ] [MainThread]: 
[0m20:49:54.804407 [info ] [MainThread]: [32mCompleted successfully[0m
[0m20:49:54.804564 [info ] [MainThread]: 
[0m20:49:54.804725 [info ] [MainThread]: Done. PASS=1 WARN=0 ERROR=0 SKIP=0 TOTAL=1
[0m20:49:54.804977 [debug] [MainThread]: Resource report: {"command_name": "run", "command_success": true, "command_wall_clock_time": 5.4075336, "process_user_time": 2.683463, "process_kernel_time": 0.965611, "process_mem_max_rss": "240599040", "process_in_blocks": "0", "process_out_blocks": "0"}
[0m20:49:54.805241 [debug] [MainThread]: Command `dbt run` succeeded at 20:49:54.805202 after 5.41 seconds
[0m20:49:54.805428 [debug] [MainThread]: Sending event: {'category': 'dbt', 'action': 'invocation', 'label': 'end', 'context': [<snowplow_tracker.self_describing_json.SelfDescribingJson object at 0x101434f50>, <snowplow_tracker.self_describing_json.SelfDescribingJson object at 0x101434f90>, <snowplow_tracker.self_describing_json.SelfDescribingJson object at 0x101434e90>]}
[0m20:49:54.805603 [debug] [MainThread]: Flushing usage events
[0m21:03:09.017974 [debug] [MainThread]: Sending event: {'category': 'dbt', 'action': 'invocation', 'label': 'start', 'context': [<snowplow_tracker.self_describing_json.SelfDescribingJson object at 0x10704bdd0>, <snowplow_tracker.self_describing_json.SelfDescribingJson object at 0x1070e1010>, <snowplow_tracker.self_describing_json.SelfDescribingJson object at 0x1070e1910>]}


============================== 21:03:09.021046 | 3c60f1a2-1e34-4f53-b71c-fa320efb218c ==============================
[0m21:03:09.021046 [info ] [MainThread]: Running with dbt=1.8.7
[0m21:03:09.021348 [debug] [MainThread]: running dbt with arguments {'printer_width': '80', 'indirect_selection': 'eager', 'log_cache_events': 'False', 'write_json': 'True', 'partial_parse': 'True', 'cache_selected_only': 'False', 'warn_error': 'None', 'fail_fast': 'False', 'version_check': 'True', 'log_path': '/Users/liamtabibzadeh/Documents/hobby/SummaryAI/transform/ecommerce_metrics/logs', 'debug': 'False', 'profiles_dir': '.', 'use_colors': 'True', 'use_experimental_parser': 'False', 'no_print': 'None', 'quiet': 'False', 'empty': 'False', 'log_format': 'default', 'static_parser': 'True', 'introspect': 'True', 'warn_error_options': 'WarnErrorOptions(include=[], exclude=[])', 'target_path': 'None', 'invocation_command': 'dbt run --models users_by_country --profiles-dir .', 'send_anonymous_usage_stats': 'True'}
[0m21:03:10.301343 [debug] [MainThread]: Sending event: {'category': 'dbt', 'action': 'project_id', 'label': '3c60f1a2-1e34-4f53-b71c-fa320efb218c', 'context': [<snowplow_tracker.self_describing_json.SelfDescribingJson object at 0x1590ea290>]}
[0m21:03:10.327300 [debug] [MainThread]: Sending event: {'category': 'dbt', 'action': 'adapter_info', 'label': '3c60f1a2-1e34-4f53-b71c-fa320efb218c', 'context': [<snowplow_tracker.self_describing_json.SelfDescribingJson object at 0x1055306d0>]}
[0m21:03:10.327588 [info ] [MainThread]: Registered adapter: bigquery=1.8.2
[0m21:03:10.338920 [debug] [MainThread]: checksum: 4af21dafb485259c48497ac86b711ddb1982f3d0f1c0ca4e09356de488b753c0, vars: {}, profile: , target: , version: 1.8.7
[0m21:03:10.415161 [debug] [MainThread]: Partial parsing enabled: 0 files deleted, 0 files added, 1 files changed.
[0m21:03:10.415537 [debug] [MainThread]: Partial parsing: updated file: ecommerce_metrics://models/users_by_country.sql
[0m21:03:10.565315 [warn ] [MainThread]: [[33mWARNING[0m]: Deprecated functionality
The `tests` config has been renamed to `data_tests`. Please see
https://docs.getdbt.com/docs/build/data-tests#new-data_tests-syntax for more
information.
[0m21:03:10.565613 [debug] [MainThread]: Sending event: {'category': 'dbt', 'action': 'deprecation', 'label': '3c60f1a2-1e34-4f53-b71c-fa320efb218c', 'property_': 'warn', 'context': [<snowplow_tracker.self_describing_json.SelfDescribingJson object at 0x15975ab10>]}
[0m21:03:10.647811 [debug] [MainThread]: Sending event: {'category': 'dbt', 'action': 'load_project', 'label': '3c60f1a2-1e34-4f53-b71c-fa320efb218c', 'context': [<snowplow_tracker.self_describing_json.SelfDescribingJson object at 0x159c0a2d0>]}
[0m21:03:10.692254 [debug] [MainThread]: Sending event: {'category': 'dbt', 'action': 'resource_counts', 'label': '3c60f1a2-1e34-4f53-b71c-fa320efb218c', 'context': [<snowplow_tracker.self_describing_json.SelfDescribingJson object at 0x159d87390>]}
[0m21:03:10.692504 [info ] [MainThread]: Found 6 models, 3 data tests, 2 sources, 479 macros
[0m21:03:10.692674 [debug] [MainThread]: Sending event: {'category': 'dbt', 'action': 'runnable_timing', 'label': '3c60f1a2-1e34-4f53-b71c-fa320efb218c', 'context': [<snowplow_tracker.self_describing_json.SelfDescribingJson object at 0x159d58210>]}
[0m21:03:10.693194 [info ] [MainThread]: 
[0m21:03:10.693426 [debug] [MainThread]: Acquiring new bigquery connection 'master'
[0m21:03:10.693802 [debug] [ThreadPool]: Acquiring new bigquery connection 'list_pipeline-466508'
[0m21:03:10.693983 [debug] [ThreadPool]: Opening a new connection, currently in state init
[0m21:03:11.211247 [debug] [ThreadPool]: Re-using an available connection from the pool (formerly list_pipeline-466508, now list_pipeline-466508_ecommerce_analytics)
[0m21:03:11.212073 [debug] [ThreadPool]: Opening a new connection, currently in state closed
[0m21:03:11.694947 [debug] [MainThread]: Sending event: {'category': 'dbt', 'action': 'runnable_timing', 'label': '3c60f1a2-1e34-4f53-b71c-fa320efb218c', 'context': [<snowplow_tracker.self_describing_json.SelfDescribingJson object at 0x159e48650>]}
[0m21:03:11.695707 [info ] [MainThread]: Concurrency: 1 threads (target='dev')
[0m21:03:11.696054 [info ] [MainThread]: 
[0m21:03:11.699159 [debug] [Thread-1 (]: Began running node model.ecommerce_metrics.users_by_country
[0m21:03:11.699604 [info ] [Thread-1 (]: 1 of 1 START sql table model ecommerce_analytics.users_by_country .............. [RUN]
[0m21:03:11.699989 [debug] [Thread-1 (]: Re-using an available connection from the pool (formerly list_pipeline-466508_ecommerce_analytics, now model.ecommerce_metrics.users_by_country)
[0m21:03:11.700277 [debug] [Thread-1 (]: Began compiling node model.ecommerce_metrics.users_by_country
[0m21:03:11.706434 [debug] [Thread-1 (]: Writing injected SQL for node "model.ecommerce_metrics.users_by_country"
[0m21:03:11.707698 [debug] [Thread-1 (]: Began executing node model.ecommerce_metrics.users_by_country
[0m21:03:11.716943 [debug] [Thread-1 (]: Opening a new connection, currently in state closed
[0m21:03:12.122293 [debug] [Thread-1 (]: Writing runtime sql for node "model.ecommerce_metrics.users_by_country"
[0m21:03:12.123483 [debug] [Thread-1 (]: On model.ecommerce_metrics.users_by_country: /* {"app": "dbt", "dbt_version": "1.8.7", "profile_name": "ecommerce_metrics", "target_name": "dev", "node_id": "model.ecommerce_metrics.users_by_country"} */

  
    

    create or replace table `pipeline-466508`.`ecommerce_analytics`.`users_by_country`
      
    
    

    OPTIONS()
    as (
      -- Users by Country
-- Counts users by country, filtering out nulls and standardizing names for GeoJSON compatibility

WITH standardized_countries AS (
  SELECT 
    CASE 
      WHEN country = 'Brasil' THEN 'Brazil'
      WHEN country = 'United States' THEN 'United States of America'
      WHEN country = 'Deutschland' THEN 'Germany'
      ELSE country
    END AS country,
    id
  FROM `bigquery-public-data`.`thelook_ecommerce`.`users`
  WHERE country IS NOT NULL
)

SELECT 
  country, 
  COUNT(*) AS users
FROM standardized_countries
GROUP BY country
ORDER BY users DESC
    );
  
[0m21:03:12.718354 [debug] [Thread-1 (]: BigQuery adapter: https://console.cloud.google.com/bigquery?project=pipeline-466508&j=bq:US:64ab1611-10bb-4937-a16d-76dbaa2d4dfc&page=queryresults
[0m21:03:14.879700 [debug] [Thread-1 (]: Sending event: {'category': 'dbt', 'action': 'run_model', 'label': '3c60f1a2-1e34-4f53-b71c-fa320efb218c', 'context': [<snowplow_tracker.self_describing_json.SelfDescribingJson object at 0x159e8c0d0>]}
[0m21:03:14.880226 [info ] [Thread-1 (]: 1 of 1 OK created sql table model ecommerce_analytics.users_by_country ......... [[32mCREATE TABLE (14.0 rows, 968.8 KiB processed)[0m in 3.18s]
[0m21:03:14.880627 [debug] [Thread-1 (]: Finished running node model.ecommerce_metrics.users_by_country
[0m21:03:14.881367 [debug] [MainThread]: Connection 'master' was properly closed.
[0m21:03:14.881604 [debug] [MainThread]: Connection 'model.ecommerce_metrics.users_by_country' was properly closed.
[0m21:03:14.881809 [info ] [MainThread]: 
[0m21:03:14.882011 [info ] [MainThread]: Finished running 1 table model in 0 hours 0 minutes and 4.19 seconds (4.19s).
[0m21:03:14.882388 [debug] [MainThread]: Command end result
[0m21:03:14.900478 [info ] [MainThread]: 
[0m21:03:14.900738 [info ] [MainThread]: [32mCompleted successfully[0m
[0m21:03:14.900896 [info ] [MainThread]: 
[0m21:03:14.901062 [info ] [MainThread]: Done. PASS=1 WARN=0 ERROR=0 SKIP=0 TOTAL=1
[0m21:03:14.901308 [debug] [MainThread]: Resource report: {"command_name": "run", "command_success": true, "command_wall_clock_time": 5.9161873, "process_user_time": 3.262972, "process_kernel_time": 0.490954, "process_mem_max_rss": "242319360", "process_in_blocks": "0", "process_out_blocks": "0"}
[0m21:03:14.901568 [debug] [MainThread]: Command `dbt run` succeeded at 21:03:14.901528 after 5.92 seconds
[0m21:03:14.901761 [debug] [MainThread]: Sending event: {'category': 'dbt', 'action': 'invocation', 'label': 'end', 'context': [<snowplow_tracker.self_describing_json.SelfDescribingJson object at 0x1070a4150>, <snowplow_tracker.self_describing_json.SelfDescribingJson object at 0x1035cd050>, <snowplow_tracker.self_describing_json.SelfDescribingJson object at 0x1035cdf50>]}
[0m21:03:14.901943 [debug] [MainThread]: Flushing usage events
[0m21:07:39.276340 [debug] [MainThread]: Sending event: {'category': 'dbt', 'action': 'invocation', 'label': 'start', 'context': [<snowplow_tracker.self_describing_json.SelfDescribingJson object at 0x108817ad0>, <snowplow_tracker.self_describing_json.SelfDescribingJson object at 0x1088b1110>, <snowplow_tracker.self_describing_json.SelfDescribingJson object at 0x1088b1a10>]}


============================== 21:07:39.278651 | d62d814d-74c6-44f6-b1f1-acb29abc528b ==============================
[0m21:07:39.278651 [info ] [MainThread]: Running with dbt=1.8.7
[0m21:07:39.278931 [debug] [MainThread]: running dbt with arguments {'printer_width': '80', 'indirect_selection': 'eager', 'write_json': 'True', 'log_cache_events': 'False', 'partial_parse': 'True', 'cache_selected_only': 'False', 'warn_error': 'None', 'version_check': 'True', 'debug': 'False', 'log_path': '/Users/liamtabibzadeh/Documents/hobby/SummaryAI/transform/ecommerce_metrics/logs', 'fail_fast': 'False', 'profiles_dir': '.', 'use_colors': 'True', 'use_experimental_parser': 'False', 'empty': 'False', 'quiet': 'False', 'no_print': 'None', 'log_format': 'default', 'static_parser': 'True', 'introspect': 'True', 'invocation_command': 'dbt run --models country_trends --profiles-dir .', 'target_path': 'None', 'warn_error_options': 'WarnErrorOptions(include=[], exclude=[])', 'send_anonymous_usage_stats': 'True'}
[0m21:07:40.153305 [debug] [MainThread]: Sending event: {'category': 'dbt', 'action': 'project_id', 'label': 'd62d814d-74c6-44f6-b1f1-acb29abc528b', 'context': [<snowplow_tracker.self_describing_json.SelfDescribingJson object at 0x16a495e10>]}
[0m21:07:40.180127 [debug] [MainThread]: Sending event: {'category': 'dbt', 'action': 'adapter_info', 'label': 'd62d814d-74c6-44f6-b1f1-acb29abc528b', 'context': [<snowplow_tracker.self_describing_json.SelfDescribingJson object at 0x106cfc350>]}
[0m21:07:40.180425 [info ] [MainThread]: Registered adapter: bigquery=1.8.2
[0m21:07:40.191944 [debug] [MainThread]: checksum: 4af21dafb485259c48497ac86b711ddb1982f3d0f1c0ca4e09356de488b753c0, vars: {}, profile: , target: , version: 1.8.7
[0m21:07:40.268411 [debug] [MainThread]: Partial parsing enabled: 0 files deleted, 1 files added, 0 files changed.
[0m21:07:40.268706 [debug] [MainThread]: Partial parsing: added file: ecommerce_metrics://models/country_trends.sql
[0m21:07:40.433899 [debug] [MainThread]: Sending event: {'category': 'dbt', 'action': 'load_project', 'label': 'd62d814d-74c6-44f6-b1f1-acb29abc528b', 'context': [<snowplow_tracker.self_describing_json.SelfDescribingJson object at 0x16a358cd0>]}
[0m21:07:40.478274 [debug] [MainThread]: Sending event: {'category': 'dbt', 'action': 'resource_counts', 'label': 'd62d814d-74c6-44f6-b1f1-acb29abc528b', 'context': [<snowplow_tracker.self_describing_json.SelfDescribingJson object at 0x108832b90>]}
[0m21:07:40.478561 [info ] [MainThread]: Found 7 models, 3 data tests, 2 sources, 479 macros
[0m21:07:40.478734 [debug] [MainThread]: Sending event: {'category': 'dbt', 'action': 'runnable_timing', 'label': 'd62d814d-74c6-44f6-b1f1-acb29abc528b', 'context': [<snowplow_tracker.self_describing_json.SelfDescribingJson object at 0x16a686b50>]}
[0m21:07:40.479281 [info ] [MainThread]: 
[0m21:07:40.479537 [debug] [MainThread]: Acquiring new bigquery connection 'master'
[0m21:07:40.479929 [debug] [ThreadPool]: Acquiring new bigquery connection 'list_pipeline-466508'
[0m21:07:40.480128 [debug] [ThreadPool]: Opening a new connection, currently in state init
[0m21:07:41.011778 [debug] [ThreadPool]: Re-using an available connection from the pool (formerly list_pipeline-466508, now list_pipeline-466508_ecommerce_analytics)
[0m21:07:41.012515 [debug] [ThreadPool]: Opening a new connection, currently in state closed
[0m21:07:41.507035 [debug] [MainThread]: Sending event: {'category': 'dbt', 'action': 'runnable_timing', 'label': 'd62d814d-74c6-44f6-b1f1-acb29abc528b', 'context': [<snowplow_tracker.self_describing_json.SelfDescribingJson object at 0x16a687ad0>]}
[0m21:07:41.508602 [info ] [MainThread]: Concurrency: 1 threads (target='dev')
[0m21:07:41.509148 [info ] [MainThread]: 
[0m21:07:41.517028 [debug] [Thread-1 (]: Began running node model.ecommerce_metrics.country_trends
[0m21:07:41.517881 [info ] [Thread-1 (]: 1 of 1 START sql table model ecommerce_analytics.country_trends ................ [RUN]
[0m21:07:41.518549 [debug] [Thread-1 (]: Re-using an available connection from the pool (formerly list_pipeline-466508_ecommerce_analytics, now model.ecommerce_metrics.country_trends)
[0m21:07:41.518998 [debug] [Thread-1 (]: Began compiling node model.ecommerce_metrics.country_trends
[0m21:07:41.528174 [debug] [Thread-1 (]: Writing injected SQL for node "model.ecommerce_metrics.country_trends"
[0m21:07:41.529294 [debug] [Thread-1 (]: Began executing node model.ecommerce_metrics.country_trends
[0m21:07:41.555646 [debug] [Thread-1 (]: Writing runtime sql for node "model.ecommerce_metrics.country_trends"
[0m21:07:41.556134 [debug] [Thread-1 (]: Opening a new connection, currently in state closed
[0m21:07:41.596206 [debug] [Thread-1 (]: On model.ecommerce_metrics.country_trends: /* {"app": "dbt", "dbt_version": "1.8.7", "profile_name": "ecommerce_metrics", "target_name": "dev", "node_id": "model.ecommerce_metrics.country_trends"} */

  
    

    create or replace table `pipeline-466508`.`ecommerce_analytics`.`country_trends`
      
    
    

    OPTIONS()
    as (
      -- Top 5 percentage increasing and decreasing countries last 30 days
-- Compares current 30-day period vs previous 30-day period

WITH periods AS (
  SELECT 
    CASE 
      WHEN country = 'Brasil' THEN 'Brazil'
      WHEN country = 'United States' THEN 'United States of America'
      WHEN country = 'Deutschland' THEN 'Germany'
      ELSE country
    END AS country,
    CASE 
      WHEN DATE(created_at) >= DATE_SUB(CURRENT_DATE(), INTERVAL 30 DAY) THEN 'current'
      WHEN DATE(created_at) >= DATE_SUB(CURRENT_DATE(), INTERVAL 60 DAY) 
       AND DATE(created_at) < DATE_SUB(CURRENT_DATE(), INTERVAL 30 DAY) THEN 'previous'
      ELSE 'other'
    END AS period
  FROM `bigquery-public-data`.`thelook_ecommerce`.`users`
  WHERE country IS NOT NULL
    AND DATE(created_at) >= DATE_SUB(CURRENT_DATE(), INTERVAL 60 DAY)
),

period_counts AS (
  SELECT 
    country,
    COUNTIF(period = 'current') AS current_users,
    COUNTIF(period = 'previous') AS previous_users
  FROM periods
  WHERE period IN ('current', 'previous')
  GROUP BY country
  HAVING previous_users > 0  -- Avoid division by zero
),

with_change AS (
  SELECT 
    country,
    current_users,
    previous_users,
    SAFE_DIVIDE(current_users - previous_users, previous_users) AS pct_change
  FROM period_counts
  WHERE previous_users >= 10  -- Filter for countries with meaningful data
),

ranked AS (
  SELECT 
    country,
    current_users,
    previous_users, 
    pct_change,
    ROW_NUMBER() OVER (ORDER BY pct_change DESC) AS growth_rank,
    ROW_NUMBER() OVER (ORDER BY pct_change ASC) AS decline_rank
  FROM with_change
)

SELECT 
  country,
  current_users,
  previous_users,
  pct_change,
  CASE 
    WHEN growth_rank <= 5 THEN 'Top Growth'
    WHEN decline_rank <= 5 THEN 'Top Decline' 
  END AS trend_type
FROM ranked
WHERE growth_rank <= 5 OR decline_rank <= 5
ORDER BY pct_change DESC
    );
  
[0m21:07:42.418313 [debug] [Thread-1 (]: BigQuery adapter: https://console.cloud.google.com/bigquery?project=pipeline-466508&j=bq:US:d7575c51-ed7b-4128-bef2-c85b85763516&page=queryresults
[0m21:07:45.528748 [debug] [Thread-1 (]: Sending event: {'category': 'dbt', 'action': 'run_model', 'label': 'd62d814d-74c6-44f6-b1f1-acb29abc528b', 'context': [<snowplow_tracker.self_describing_json.SelfDescribingJson object at 0x16c299b50>]}
[0m21:07:45.529389 [info ] [Thread-1 (]: 1 of 1 OK created sql table model ecommerce_analytics.country_trends ........... [[32mCREATE TABLE (10.0 rows, 1.7 MiB processed)[0m in 4.01s]
[0m21:07:45.529886 [debug] [Thread-1 (]: Finished running node model.ecommerce_metrics.country_trends
[0m21:07:45.530815 [debug] [MainThread]: Connection 'master' was properly closed.
[0m21:07:45.531120 [debug] [MainThread]: Connection 'model.ecommerce_metrics.country_trends' was properly closed.
[0m21:07:45.531389 [info ] [MainThread]: 
[0m21:07:45.531654 [info ] [MainThread]: Finished running 1 table model in 0 hours 0 minutes and 5.05 seconds (5.05s).
[0m21:07:45.532140 [debug] [MainThread]: Command end result
[0m21:07:45.553385 [info ] [MainThread]: 
[0m21:07:45.553669 [info ] [MainThread]: [32mCompleted successfully[0m
[0m21:07:45.553855 [info ] [MainThread]: 
[0m21:07:45.554042 [info ] [MainThread]: Done. PASS=1 WARN=0 ERROR=0 SKIP=0 TOTAL=1
[0m21:07:45.554330 [debug] [MainThread]: Resource report: {"command_name": "run", "command_success": true, "command_wall_clock_time": 6.308367, "process_user_time": 2.767517, "process_kernel_time": 0.956346, "process_mem_max_rss": "239697920", "process_in_blocks": "0", "process_out_blocks": "0"}
[0m21:07:45.554636 [debug] [MainThread]: Command `dbt run` succeeded at 21:07:45.554588 after 6.31 seconds
[0m21:07:45.554849 [debug] [MainThread]: Sending event: {'category': 'dbt', 'action': 'invocation', 'label': 'end', 'context': [<snowplow_tracker.self_describing_json.SelfDescribingJson object at 0x107d58510>, <snowplow_tracker.self_describing_json.SelfDescribingJson object at 0x104da0f90>, <snowplow_tracker.self_describing_json.SelfDescribingJson object at 0x104da1b10>]}
[0m21:07:45.555052 [debug] [MainThread]: Flushing usage events
[0m21:08:06.944935 [debug] [MainThread]: Sending event: {'category': 'dbt', 'action': 'invocation', 'label': 'start', 'context': [<snowplow_tracker.self_describing_json.SelfDescribingJson object at 0x1064e0fd0>, <snowplow_tracker.self_describing_json.SelfDescribingJson object at 0x106529410>, <snowplow_tracker.self_describing_json.SelfDescribingJson object at 0x106529cd0>]}


============================== 21:08:06.947058 | 189fd0a5-ba47-4a41-a268-570ec8b5d1fa ==============================
[0m21:08:06.947058 [info ] [MainThread]: Running with dbt=1.8.7
[0m21:08:06.947371 [debug] [MainThread]: running dbt with arguments {'printer_width': '80', 'indirect_selection': 'eager', 'write_json': 'True', 'log_cache_events': 'False', 'partial_parse': 'True', 'cache_selected_only': 'False', 'warn_error': 'None', 'debug': 'False', 'version_check': 'True', 'log_path': '/Users/liamtabibzadeh/Documents/hobby/SummaryAI/transform/ecommerce_metrics/logs', 'fail_fast': 'False', 'profiles_dir': '.', 'use_colors': 'True', 'use_experimental_parser': 'False', 'empty': 'False', 'quiet': 'False', 'no_print': 'None', 'log_format': 'default', 'static_parser': 'True', 'introspect': 'True', 'warn_error_options': 'WarnErrorOptions(include=[], exclude=[])', 'target_path': 'None', 'invocation_command': 'dbt run --models platform_share --profiles-dir .', 'send_anonymous_usage_stats': 'True'}
[0m21:08:07.615073 [debug] [MainThread]: Sending event: {'category': 'dbt', 'action': 'project_id', 'label': '189fd0a5-ba47-4a41-a268-570ec8b5d1fa', 'context': [<snowplow_tracker.self_describing_json.SelfDescribingJson object at 0x12c84a390>]}
[0m21:08:07.641473 [debug] [MainThread]: Sending event: {'category': 'dbt', 'action': 'adapter_info', 'label': '189fd0a5-ba47-4a41-a268-570ec8b5d1fa', 'context': [<snowplow_tracker.self_describing_json.SelfDescribingJson object at 0x104978490>]}
[0m21:08:07.641780 [info ] [MainThread]: Registered adapter: bigquery=1.8.2
[0m21:08:07.651564 [debug] [MainThread]: checksum: 4af21dafb485259c48497ac86b711ddb1982f3d0f1c0ca4e09356de488b753c0, vars: {}, profile: , target: , version: 1.8.7
[0m21:08:07.712491 [debug] [MainThread]: Partial parsing enabled: 0 files deleted, 0 files added, 1 files changed.
[0m21:08:07.712800 [debug] [MainThread]: Partial parsing: updated file: ecommerce_metrics://models/platform_share.sql
[0m21:08:07.901345 [debug] [MainThread]: Sending event: {'category': 'dbt', 'action': 'load_project', 'label': '189fd0a5-ba47-4a41-a268-570ec8b5d1fa', 'context': [<snowplow_tracker.self_describing_json.SelfDescribingJson object at 0x1065374d0>]}
[0m21:08:07.940117 [debug] [MainThread]: Sending event: {'category': 'dbt', 'action': 'resource_counts', 'label': '189fd0a5-ba47-4a41-a268-570ec8b5d1fa', 'context': [<snowplow_tracker.self_describing_json.SelfDescribingJson object at 0x105722210>]}
[0m21:08:07.940366 [info ] [MainThread]: Found 7 models, 3 data tests, 2 sources, 479 macros
[0m21:08:07.940538 [debug] [MainThread]: Sending event: {'category': 'dbt', 'action': 'runnable_timing', 'label': '189fd0a5-ba47-4a41-a268-570ec8b5d1fa', 'context': [<snowplow_tracker.self_describing_json.SelfDescribingJson object at 0x12cc97c10>]}
[0m21:08:07.941054 [info ] [MainThread]: 
[0m21:08:07.941295 [debug] [MainThread]: Acquiring new bigquery connection 'master'
[0m21:08:07.941678 [debug] [ThreadPool]: Acquiring new bigquery connection 'list_pipeline-466508'
[0m21:08:07.941928 [debug] [ThreadPool]: Opening a new connection, currently in state init
[0m21:08:08.467387 [debug] [ThreadPool]: Re-using an available connection from the pool (formerly list_pipeline-466508, now list_pipeline-466508_ecommerce_analytics)
[0m21:08:08.467870 [debug] [ThreadPool]: Opening a new connection, currently in state closed
[0m21:08:08.966989 [debug] [MainThread]: Sending event: {'category': 'dbt', 'action': 'runnable_timing', 'label': '189fd0a5-ba47-4a41-a268-570ec8b5d1fa', 'context': [<snowplow_tracker.self_describing_json.SelfDescribingJson object at 0x12cdc4bd0>]}
[0m21:08:08.967838 [info ] [MainThread]: Concurrency: 1 threads (target='dev')
[0m21:08:08.968257 [info ] [MainThread]: 
[0m21:08:08.971039 [debug] [Thread-1 (]: Began running node model.ecommerce_metrics.platform_share
[0m21:08:08.971569 [info ] [Thread-1 (]: 1 of 1 START sql table model ecommerce_analytics.platform_share ................ [RUN]
[0m21:08:08.972003 [debug] [Thread-1 (]: Re-using an available connection from the pool (formerly list_pipeline-466508_ecommerce_analytics, now model.ecommerce_metrics.platform_share)
[0m21:08:08.972335 [debug] [Thread-1 (]: Began compiling node model.ecommerce_metrics.platform_share
[0m21:08:08.979817 [debug] [Thread-1 (]: Writing injected SQL for node "model.ecommerce_metrics.platform_share"
[0m21:08:08.981313 [debug] [Thread-1 (]: Began executing node model.ecommerce_metrics.platform_share
[0m21:08:08.991878 [debug] [Thread-1 (]: Opening a new connection, currently in state closed
[0m21:08:09.445885 [debug] [Thread-1 (]: Writing runtime sql for node "model.ecommerce_metrics.platform_share"
[0m21:08:09.446780 [debug] [Thread-1 (]: On model.ecommerce_metrics.platform_share: /* {"app": "dbt", "dbt_version": "1.8.7", "profile_name": "ecommerce_metrics", "target_name": "dev", "node_id": "model.ecommerce_metrics.platform_share"} */

  
    

    create or replace table `pipeline-466508`.`ecommerce_analytics`.`platform_share`
      
    
    

    OPTIONS()
    as (
      -- Users by Platform (Android/iOS/Desktop/Web)
-- Assigns each user their dominant platform based on most recent activity

WITH classified AS (
  SELECT
    user_id,
    CASE
      WHEN LOWER(browser) = 'safari' THEN 'iOS'
      WHEN LOWER(browser) = 'chrome' THEN 'Android' -- Assume Chrome is primarily mobile/Android
      WHEN LOWER(browser) = 'firefox' THEN 'Desktop'
      WHEN LOWER(browser) = 'ie' THEN 'Desktop'
      ELSE 'Web'
    END AS platform,
    TIMESTAMP(created_at) AS ts
  FROM `bigquery-public-data`.`thelook_ecommerce`.`events`
),

latest_per_user AS (
  SELECT 
    user_id,
    platform
  FROM (
    SELECT 
      user_id,
      platform,
      ROW_NUMBER() OVER (PARTITION BY user_id ORDER BY ts DESC) AS rn
    FROM classified
  )
  WHERE rn = 1
)

SELECT
  platform,
  COUNT(*) AS users,
  SAFE_DIVIDE(COUNT(*), SUM(COUNT(*)) OVER ()) AS share
FROM latest_per_user
GROUP BY platform
ORDER BY users DESC
    );
  
[0m21:08:10.089687 [debug] [Thread-1 (]: BigQuery adapter: https://console.cloud.google.com/bigquery?project=pipeline-466508&j=bq:US:51026f6f-4050-46d5-a2a4-1e06cc7430ba&page=queryresults
[0m21:08:13.514630 [debug] [Thread-1 (]: Sending event: {'category': 'dbt', 'action': 'run_model', 'label': '189fd0a5-ba47-4a41-a268-570ec8b5d1fa', 'context': [<snowplow_tracker.self_describing_json.SelfDescribingJson object at 0x12cdd1750>]}
[0m21:08:13.515390 [info ] [Thread-1 (]: 1 of 1 OK created sql table model ecommerce_analytics.platform_share ........... [[32mCREATE TABLE (4.0 rows, 46.8 MiB processed)[0m in 4.54s]
[0m21:08:13.515874 [debug] [Thread-1 (]: Finished running node model.ecommerce_metrics.platform_share
[0m21:08:13.516838 [debug] [MainThread]: Connection 'master' was properly closed.
[0m21:08:13.517111 [debug] [MainThread]: Connection 'model.ecommerce_metrics.platform_share' was properly closed.
[0m21:08:13.517357 [info ] [MainThread]: 
[0m21:08:13.517600 [info ] [MainThread]: Finished running 1 table model in 0 hours 0 minutes and 5.58 seconds (5.58s).
[0m21:08:13.518048 [debug] [MainThread]: Command end result
[0m21:08:13.536589 [info ] [MainThread]: 
[0m21:08:13.536855 [info ] [MainThread]: [32mCompleted successfully[0m
[0m21:08:13.537032 [info ] [MainThread]: 
[0m21:08:13.537211 [info ] [MainThread]: Done. PASS=1 WARN=0 ERROR=0 SKIP=0 TOTAL=1
[0m21:08:13.537478 [debug] [MainThread]: Resource report: {"command_name": "run", "command_success": true, "command_wall_clock_time": 6.6220016, "process_user_time": 2.112381, "process_kernel_time": 1.558076, "process_mem_max_rss": "241483776", "process_in_blocks": "0", "process_out_blocks": "0"}
[0m21:08:13.537762 [debug] [MainThread]: Command `dbt run` succeeded at 21:08:13.537718 after 6.62 seconds
[0m21:08:13.537962 [debug] [MainThread]: Sending event: {'category': 'dbt', 'action': 'invocation', 'label': 'end', 'context': [<snowplow_tracker.self_describing_json.SelfDescribingJson object at 0x1064fa590>, <snowplow_tracker.self_describing_json.SelfDescribingJson object at 0x102a18f50>, <snowplow_tracker.self_describing_json.SelfDescribingJson object at 0x102a19e50>]}
[0m21:08:13.538150 [debug] [MainThread]: Flushing usage events
[0m21:23:29.395562 [debug] [MainThread]: Sending event: {'category': 'dbt', 'action': 'invocation', 'label': 'start', 'context': [<snowplow_tracker.self_describing_json.SelfDescribingJson object at 0x109434490>, <snowplow_tracker.self_describing_json.SelfDescribingJson object at 0x1094c58d0>, <snowplow_tracker.self_describing_json.SelfDescribingJson object at 0x1094c61d0>]}


============================== 21:23:29.398237 | 17b8d04a-bec1-41d3-9a25-ef202c3e0897 ==============================
[0m21:23:29.398237 [info ] [MainThread]: Running with dbt=1.8.7
[0m21:23:29.398560 [debug] [MainThread]: running dbt with arguments {'printer_width': '80', 'indirect_selection': 'eager', 'write_json': 'True', 'log_cache_events': 'False', 'partial_parse': 'True', 'cache_selected_only': 'False', 'warn_error': 'None', 'debug': 'False', 'fail_fast': 'False', 'log_path': '/Users/liamtabibzadeh/Documents/hobby/SummaryAI/transform/ecommerce_metrics/logs', 'version_check': 'True', 'profiles_dir': '.', 'use_colors': 'True', 'use_experimental_parser': 'False', 'no_print': 'None', 'quiet': 'False', 'empty': 'False', 'warn_error_options': 'WarnErrorOptions(include=[], exclude=[])', 'invocation_command': 'dbt run --models mau_quarterly --profiles-dir .', 'introspect': 'True', 'log_format': 'default', 'target_path': 'None', 'static_parser': 'True', 'send_anonymous_usage_stats': 'True'}
[0m21:23:30.396946 [debug] [MainThread]: Sending event: {'category': 'dbt', 'action': 'project_id', 'label': '17b8d04a-bec1-41d3-9a25-ef202c3e0897', 'context': [<snowplow_tracker.self_describing_json.SelfDescribingJson object at 0x160bb0990>]}
[0m21:23:30.426823 [debug] [MainThread]: Sending event: {'category': 'dbt', 'action': 'adapter_info', 'label': '17b8d04a-bec1-41d3-9a25-ef202c3e0897', 'context': [<snowplow_tracker.self_describing_json.SelfDescribingJson object at 0x106a4c090>]}
[0m21:23:30.427226 [info ] [MainThread]: Registered adapter: bigquery=1.8.2
[0m21:23:30.439229 [debug] [MainThread]: checksum: 4af21dafb485259c48497ac86b711ddb1982f3d0f1c0ca4e09356de488b753c0, vars: {}, profile: , target: , version: 1.8.7
[0m21:23:30.516850 [debug] [MainThread]: Partial parsing enabled: 0 files deleted, 1 files added, 0 files changed.
[0m21:23:30.517163 [debug] [MainThread]: Partial parsing: added file: ecommerce_metrics://models/mau_quarterly.sql
[0m21:23:30.681963 [debug] [MainThread]: Sending event: {'category': 'dbt', 'action': 'load_project', 'label': '17b8d04a-bec1-41d3-9a25-ef202c3e0897', 'context': [<snowplow_tracker.self_describing_json.SelfDescribingJson object at 0x16180d550>]}
[0m21:23:30.729057 [debug] [MainThread]: Sending event: {'category': 'dbt', 'action': 'resource_counts', 'label': '17b8d04a-bec1-41d3-9a25-ef202c3e0897', 'context': [<snowplow_tracker.self_describing_json.SelfDescribingJson object at 0x160fc9910>]}
[0m21:23:30.729320 [info ] [MainThread]: Found 8 models, 3 data tests, 2 sources, 479 macros
[0m21:23:30.729485 [debug] [MainThread]: Sending event: {'category': 'dbt', 'action': 'runnable_timing', 'label': '17b8d04a-bec1-41d3-9a25-ef202c3e0897', 'context': [<snowplow_tracker.self_describing_json.SelfDescribingJson object at 0x161aea610>]}
[0m21:23:30.730019 [info ] [MainThread]: 
[0m21:23:30.730287 [debug] [MainThread]: Acquiring new bigquery connection 'master'
[0m21:23:30.730659 [debug] [ThreadPool]: Acquiring new bigquery connection 'list_pipeline-466508'
[0m21:23:30.730842 [debug] [ThreadPool]: Opening a new connection, currently in state init
[0m21:23:31.194829 [debug] [ThreadPool]: Re-using an available connection from the pool (formerly list_pipeline-466508, now list_pipeline-466508_ecommerce_analytics)
[0m21:23:31.195451 [debug] [ThreadPool]: Opening a new connection, currently in state closed
[0m21:23:31.704241 [debug] [MainThread]: Sending event: {'category': 'dbt', 'action': 'runnable_timing', 'label': '17b8d04a-bec1-41d3-9a25-ef202c3e0897', 'context': [<snowplow_tracker.self_describing_json.SelfDescribingJson object at 0x161d84910>]}
[0m21:23:31.705207 [info ] [MainThread]: Concurrency: 1 threads (target='dev')
[0m21:23:31.705638 [info ] [MainThread]: 
[0m21:23:31.711052 [debug] [Thread-1 (]: Began running node model.ecommerce_metrics.mau_quarterly
[0m21:23:31.711585 [info ] [Thread-1 (]: 1 of 1 START sql table model ecommerce_analytics.mau_quarterly ................. [RUN]
[0m21:23:31.712028 [debug] [Thread-1 (]: Re-using an available connection from the pool (formerly list_pipeline-466508_ecommerce_analytics, now model.ecommerce_metrics.mau_quarterly)
[0m21:23:31.712370 [debug] [Thread-1 (]: Began compiling node model.ecommerce_metrics.mau_quarterly
[0m21:23:31.719453 [debug] [Thread-1 (]: Writing injected SQL for node "model.ecommerce_metrics.mau_quarterly"
[0m21:23:31.720444 [debug] [Thread-1 (]: Began executing node model.ecommerce_metrics.mau_quarterly
[0m21:23:31.744770 [debug] [Thread-1 (]: Writing runtime sql for node "model.ecommerce_metrics.mau_quarterly"
[0m21:23:31.745399 [debug] [Thread-1 (]: Opening a new connection, currently in state closed
[0m21:23:31.784455 [debug] [Thread-1 (]: On model.ecommerce_metrics.mau_quarterly: /* {"app": "dbt", "dbt_version": "1.8.7", "profile_name": "ecommerce_metrics", "target_name": "dev", "node_id": "model.ecommerce_metrics.mau_quarterly"} */

  
    

    create or replace table `pipeline-466508`.`ecommerce_analytics`.`mau_quarterly`
      
    
    

    OPTIONS()
    as (
      -- Monthly Active Users aggregated by quarter for cleaner axis display
-- Shows Q1, Q2, Q3, Q4 for each year

WITH monthly_mau AS (
  SELECT 
    DATE_TRUNC(DATE(created_at), MONTH) AS month, 
    user_id
  FROM `bigquery-public-data`.`thelook_ecommerce`.`events`
  WHERE DATE_TRUNC(DATE(created_at), MONTH) < DATE_TRUNC(CURRENT_DATE(), MONTH)
),

quarterly_base AS (
  SELECT 
    DATE_TRUNC(month, QUARTER) AS quarter,
    user_id
  FROM monthly_mau
)

SELECT 
  quarter, 
  COUNT(DISTINCT user_id) AS mau
FROM quarterly_base
GROUP BY quarter
ORDER BY quarter
    );
  
[0m21:23:32.418293 [debug] [Thread-1 (]: BigQuery adapter: https://console.cloud.google.com/bigquery?project=pipeline-466508&j=bq:US:8dd8dfaa-4d76-445c-a8ae-29dabd0e89c6&page=queryresults
[0m21:23:34.988439 [debug] [Thread-1 (]: Sending event: {'category': 'dbt', 'action': 'run_model', 'label': '17b8d04a-bec1-41d3-9a25-ef202c3e0897', 'context': [<snowplow_tracker.self_describing_json.SelfDescribingJson object at 0x161c44c10>]}
[0m21:23:34.989266 [info ] [Thread-1 (]: 1 of 1 OK created sql table model ecommerce_analytics.mau_quarterly ............ [[32mCREATE TABLE (27.0 rows, 28.4 MiB processed)[0m in 3.28s]
[0m21:23:34.989818 [debug] [Thread-1 (]: Finished running node model.ecommerce_metrics.mau_quarterly
[0m21:23:34.990952 [debug] [MainThread]: Connection 'master' was properly closed.
[0m21:23:34.991260 [debug] [MainThread]: Connection 'model.ecommerce_metrics.mau_quarterly' was properly closed.
[0m21:23:34.991531 [info ] [MainThread]: 
[0m21:23:34.991795 [info ] [MainThread]: Finished running 1 table model in 0 hours 0 minutes and 4.26 seconds (4.26s).
[0m21:23:34.992280 [debug] [MainThread]: Command end result
[0m21:23:35.013819 [info ] [MainThread]: 
[0m21:23:35.014080 [info ] [MainThread]: [32mCompleted successfully[0m
[0m21:23:35.014252 [info ] [MainThread]: 
[0m21:23:35.014433 [info ] [MainThread]: Done. PASS=1 WARN=0 ERROR=0 SKIP=0 TOTAL=1
[0m21:23:35.014706 [debug] [MainThread]: Resource report: {"command_name": "run", "command_success": true, "command_wall_clock_time": 5.6518664, "process_user_time": 3.046572, "process_kernel_time": 0.600435, "process_mem_max_rss": "238075904", "process_in_blocks": "0", "process_out_blocks": "0"}
[0m21:23:35.014996 [debug] [MainThread]: Command `dbt run` succeeded at 21:23:35.014951 after 5.65 seconds
[0m21:23:35.015217 [debug] [MainThread]: Sending event: {'category': 'dbt', 'action': 'invocation', 'label': 'end', 'context': [<snowplow_tracker.self_describing_json.SelfDescribingJson object at 0x109496290>, <snowplow_tracker.self_describing_json.SelfDescribingJson object at 0x10948c390>, <snowplow_tracker.self_describing_json.SelfDescribingJson object at 0x103a68f90>]}
[0m21:23:35.015421 [debug] [MainThread]: Flushing usage events
[0m08:35:57.239148 [debug] [MainThread]: Sending event: {'category': 'dbt', 'action': 'invocation', 'label': 'start', 'context': [<snowplow_tracker.self_describing_json.SelfDescribingJson object at 0x1136eef10>, <snowplow_tracker.self_describing_json.SelfDescribingJson object at 0x1137895d0>, <snowplow_tracker.self_describing_json.SelfDescribingJson object at 0x11378a450>]}


============================== 08:35:57.241497 | dbbacbd3-ba8b-4a4f-8e62-cac37cf8926d ==============================
[0m08:35:57.241497 [info ] [MainThread]: Running with dbt=1.8.7
[0m08:35:57.241791 [debug] [MainThread]: running dbt with arguments {'printer_width': '80', 'indirect_selection': 'eager', 'write_json': 'True', 'log_cache_events': 'False', 'partial_parse': 'True', 'cache_selected_only': 'False', 'warn_error': 'None', 'fail_fast': 'False', 'version_check': 'True', 'log_path': '/Users/liamtabibzadeh/Documents/hobby/SummaryAI/transform/ecommerce_metrics/logs', 'debug': 'False', 'profiles_dir': '/Users/liamtabibzadeh/Documents/hobby/SummaryAI/transform/ecommerce_metrics', 'use_colors': 'True', 'use_experimental_parser': 'False', 'empty': 'False', 'quiet': 'False', 'no_print': 'None', 'log_format': 'default', 'invocation_command': 'dbt run --models funnel', 'warn_error_options': 'WarnErrorOptions(include=[], exclude=[])', 'introspect': 'True', 'target_path': 'None', 'static_parser': 'True', 'send_anonymous_usage_stats': 'True'}
[0m08:35:57.244218 [error] [MainThread]: Encountered an error:
Parsing Error
  Env var required but not provided: 'GCP_PROJECT'
[0m08:35:57.244954 [debug] [MainThread]: Resource report: {"command_name": "run", "command_wall_clock_time": 0.03857104, "process_user_time": 0.51232, "process_kernel_time": 0.076098, "process_mem_max_rss": "95682560", "command_success": false, "process_in_blocks": "0", "process_out_blocks": "0"}
[0m08:35:57.245215 [debug] [MainThread]: Command `dbt run` failed at 08:35:57.245168 after 0.04 seconds
[0m08:35:57.245390 [debug] [MainThread]: Sending event: {'category': 'dbt', 'action': 'invocation', 'label': 'end', 'context': [<snowplow_tracker.self_describing_json.SelfDescribingJson object at 0x11378a390>, <snowplow_tracker.self_describing_json.SelfDescribingJson object at 0x1136ef050>, <snowplow_tracker.self_describing_json.SelfDescribingJson object at 0x11375a850>]}
[0m08:35:57.245566 [debug] [MainThread]: Flushing usage events
[0m08:58:17.108035 [debug] [MainThread]: Sending event: {'category': 'dbt', 'action': 'invocation', 'label': 'start', 'context': [<snowplow_tracker.self_describing_json.SelfDescribingJson object at 0x105490390>, <snowplow_tracker.self_describing_json.SelfDescribingJson object at 0x1054c59d0>, <snowplow_tracker.self_describing_json.SelfDescribingJson object at 0x1054364d0>]}


============================== 08:58:17.110715 | e1cf27e4-42ba-4d8e-9850-57dcb0e346bc ==============================
[0m08:58:17.110715 [info ] [MainThread]: Running with dbt=1.8.7
[0m08:58:17.111015 [debug] [MainThread]: running dbt with arguments {'printer_width': '80', 'indirect_selection': 'eager', 'log_cache_events': 'False', 'write_json': 'True', 'partial_parse': 'True', 'cache_selected_only': 'False', 'warn_error': 'None', 'fail_fast': 'False', 'version_check': 'True', 'log_path': '/Users/liamtabibzadeh/Documents/hobby/SummaryAI/transform/ecommerce_metrics/logs', 'profiles_dir': '/Users/liamtabibzadeh/Documents/hobby/SummaryAI/transform/ecommerce_metrics', 'debug': 'False', 'use_colors': 'True', 'use_experimental_parser': 'False', 'no_print': 'None', 'quiet': 'False', 'empty': 'False', 'warn_error_options': 'WarnErrorOptions(include=[], exclude=[])', 'introspect': 'True', 'static_parser': 'True', 'log_format': 'default', 'target_path': 'None', 'invocation_command': 'dbt build --target dev', 'send_anonymous_usage_stats': 'True'}
[0m08:58:17.113292 [error] [MainThread]: Encountered an error:
Parsing Error
  Env var required but not provided: 'GCP_PROJECT'
[0m08:58:17.114379 [debug] [MainThread]: Resource report: {"command_name": "build", "command_wall_clock_time": 0.036839876, "process_user_time": 0.515213, "process_kernel_time": 0.081562, "process_mem_max_rss": "95109120", "command_success": false, "process_in_blocks": "0", "process_out_blocks": "0"}
[0m08:58:17.114619 [debug] [MainThread]: Command `dbt build` failed at 08:58:17.114579 after 0.04 seconds
[0m08:58:17.114793 [debug] [MainThread]: Sending event: {'category': 'dbt', 'action': 'invocation', 'label': 'end', 'context': [<snowplow_tracker.self_describing_json.SelfDescribingJson object at 0x10542b090>, <snowplow_tracker.self_describing_json.SelfDescribingJson object at 0x1054d6710>, <snowplow_tracker.self_describing_json.SelfDescribingJson object at 0x1054a5c10>]}
[0m08:58:17.114949 [debug] [MainThread]: Flushing usage events
[0m11:16:42.324593 [debug] [MainThread]: Sending event: {'category': 'dbt', 'action': 'invocation', 'label': 'start', 'context': [<snowplow_tracker.self_describing_json.SelfDescribingJson object at 0x10742b0d0>, <snowplow_tracker.self_describing_json.SelfDescribingJson object at 0x1074c5150>, <snowplow_tracker.self_describing_json.SelfDescribingJson object at 0x1074c6050>]}


============================== 11:16:42.327310 | 96531294-1e50-426b-b76e-2e5bdaee24da ==============================
[0m11:16:42.327310 [info ] [MainThread]: Running with dbt=1.8.7
[0m11:16:42.327612 [debug] [MainThread]: running dbt with arguments {'printer_width': '80', 'indirect_selection': 'eager', 'write_json': 'True', 'log_cache_events': 'False', 'partial_parse': 'True', 'cache_selected_only': 'False', 'warn_error': 'None', 'fail_fast': 'False', 'profiles_dir': '/Users/liamtabibzadeh/Documents/hobby/SummaryAI/transform/ecommerce_metrics', 'log_path': '/Users/liamtabibzadeh/Documents/hobby/SummaryAI/transform/ecommerce_metrics/logs', 'debug': 'False', 'version_check': 'True', 'use_colors': 'True', 'use_experimental_parser': 'False', 'empty': 'False', 'quiet': 'False', 'no_print': 'None', 'warn_error_options': 'WarnErrorOptions(include=[], exclude=[])', 'introspect': 'True', 'invocation_command': 'dbt build --target dev', 'log_format': 'default', 'target_path': 'None', 'static_parser': 'True', 'send_anonymous_usage_stats': 'True'}
[0m11:16:42.329992 [error] [MainThread]: Encountered an error:
Parsing Error
  Env var required but not provided: 'GCP_PROJECT'
[0m11:16:42.331157 [debug] [MainThread]: Resource report: {"command_name": "build", "command_wall_clock_time": 0.04403975, "process_user_time": 0.528231, "process_kernel_time": 0.09586, "process_mem_max_rss": "95993856", "command_success": false, "process_in_blocks": "0", "process_out_blocks": "0"}
[0m11:16:42.331466 [debug] [MainThread]: Command `dbt build` failed at 11:16:42.331418 after 0.04 seconds
[0m11:16:42.331693 [debug] [MainThread]: Sending event: {'category': 'dbt', 'action': 'invocation', 'label': 'end', 'context': [<snowplow_tracker.self_describing_json.SelfDescribingJson object at 0x10749b690>, <snowplow_tracker.self_describing_json.SelfDescribingJson object at 0x10749a250>, <snowplow_tracker.self_describing_json.SelfDescribingJson object at 0x1028b0d90>]}
[0m11:16:42.331883 [debug] [MainThread]: Flushing usage events
[0m11:16:49.864448 [debug] [MainThread]: Sending event: {'category': 'dbt', 'action': 'invocation', 'label': 'start', 'context': [<snowplow_tracker.self_describing_json.SelfDescribingJson object at 0x10458d210>, <snowplow_tracker.self_describing_json.SelfDescribingJson object at 0x104969a10>, <snowplow_tracker.self_describing_json.SelfDescribingJson object at 0x10496a350>]}


============================== 11:16:49.866376 | 096da72f-2e64-49e8-ac88-320d615f2f87 ==============================
[0m11:16:49.866376 [info ] [MainThread]: Running with dbt=1.8.7
[0m11:16:49.866666 [debug] [MainThread]: running dbt with arguments {'printer_width': '80', 'indirect_selection': 'eager', 'log_cache_events': 'False', 'write_json': 'True', 'partial_parse': 'True', 'cache_selected_only': 'False', 'profiles_dir': '/Users/liamtabibzadeh/Documents/hobby/SummaryAI/transform/ecommerce_metrics', 'fail_fast': 'False', 'version_check': 'True', 'log_path': '/Users/liamtabibzadeh/Documents/hobby/SummaryAI/transform/ecommerce_metrics/logs', 'warn_error': 'None', 'debug': 'False', 'use_colors': 'True', 'use_experimental_parser': 'False', 'empty': 'False', 'quiet': 'False', 'no_print': 'None', 'log_format': 'default', 'static_parser': 'True', 'introspect': 'True', 'invocation_command': 'dbt build --target dev', 'target_path': 'None', 'warn_error_options': 'WarnErrorOptions(include=[], exclude=[])', 'send_anonymous_usage_stats': 'True'}
[0m11:16:51.318479 [debug] [MainThread]: Sending event: {'category': 'dbt', 'action': 'project_id', 'label': '096da72f-2e64-49e8-ac88-320d615f2f87', 'context': [<snowplow_tracker.self_describing_json.SelfDescribingJson object at 0x104934610>]}
[0m11:16:51.346630 [debug] [MainThread]: Sending event: {'category': 'dbt', 'action': 'adapter_info', 'label': '096da72f-2e64-49e8-ac88-320d615f2f87', 'context': [<snowplow_tracker.self_describing_json.SelfDescribingJson object at 0x102dbc890>]}
[0m11:16:51.346965 [info ] [MainThread]: Registered adapter: bigquery=1.8.2
[0m11:16:51.360853 [debug] [MainThread]: checksum: b72588a61004764de5b9a5a46159da2d5d1870e817a9a65ee379ab1be9083c25, vars: {}, profile: , target: dev, version: 1.8.7
[0m11:16:51.428966 [info ] [MainThread]: Unable to do partial parsing because config vars, config profile, or config target have changed
[0m11:16:51.429739 [debug] [MainThread]: previous checksum: b72588a61004764de5b9a5a46159da2d5d1870e817a9a65ee379ab1be9083c25, current checksum: 4af21dafb485259c48497ac86b711ddb1982f3d0f1c0ca4e09356de488b753c0
[0m11:16:51.429992 [debug] [MainThread]: Sending event: {'category': 'dbt', 'action': 'partial_parser', 'label': '096da72f-2e64-49e8-ac88-320d615f2f87', 'context': [<snowplow_tracker.self_describing_json.SelfDescribingJson object at 0x103b66b50>]}
[0m11:16:51.919872 [warn ] [MainThread]: [[33mWARNING[0m]: Deprecated functionality
The `tests` config has been renamed to `data_tests`. Please see
https://docs.getdbt.com/docs/build/data-tests#new-data_tests-syntax for more
information.
[0m11:16:51.920152 [debug] [MainThread]: Sending event: {'category': 'dbt', 'action': 'deprecation', 'label': '096da72f-2e64-49e8-ac88-320d615f2f87', 'property_': 'warn', 'context': [<snowplow_tracker.self_describing_json.SelfDescribingJson object at 0x147226650>]}
[0m11:16:52.054815 [debug] [MainThread]: Sending event: {'category': 'dbt', 'action': 'load_project', 'label': '096da72f-2e64-49e8-ac88-320d615f2f87', 'context': [<snowplow_tracker.self_describing_json.SelfDescribingJson object at 0x147474890>]}
[0m11:16:52.108839 [debug] [MainThread]: Sending event: {'category': 'dbt', 'action': 'resource_counts', 'label': '096da72f-2e64-49e8-ac88-320d615f2f87', 'context': [<snowplow_tracker.self_describing_json.SelfDescribingJson object at 0x147b53ed0>]}
[0m11:16:52.109131 [info ] [MainThread]: Found 10 models, 3 data tests, 2 sources, 479 macros
[0m11:16:52.110142 [info ] [MainThread]: 
[0m11:16:52.110384 [debug] [MainThread]: Acquiring new bigquery connection 'master'
[0m11:16:52.112164 [debug] [ThreadPool]: Acquiring new bigquery connection 'list_pipeline-466508'
[0m11:16:52.112368 [debug] [ThreadPool]: Opening a new connection, currently in state init
[0m11:16:52.601898 [debug] [ThreadPool]: Re-using an available connection from the pool (formerly list_pipeline-466508, now list_pipeline-466508_ecommerce_analytics)
[0m11:16:52.602538 [debug] [ThreadPool]: Opening a new connection, currently in state closed
[0m11:16:53.066786 [debug] [MainThread]: Sending event: {'category': 'dbt', 'action': 'runnable_timing', 'label': '096da72f-2e64-49e8-ac88-320d615f2f87', 'context': [<snowplow_tracker.self_describing_json.SelfDescribingJson object at 0x147201e50>]}
[0m11:16:53.068427 [info ] [MainThread]: Concurrency: 1 threads (target='dev')
[0m11:16:53.069109 [info ] [MainThread]: 
[0m11:16:53.073896 [debug] [Thread-1 (]: Began running node model.ecommerce_metrics.country_decreases
[0m11:16:53.075244 [info ] [Thread-1 (]: 1 of 13 START sql table model ecommerce_analytics.country_decreases ............ [RUN]
[0m11:16:53.076086 [debug] [Thread-1 (]: Re-using an available connection from the pool (formerly list_pipeline-466508_ecommerce_analytics, now model.ecommerce_metrics.country_decreases)
[0m11:16:53.076626 [debug] [Thread-1 (]: Began compiling node model.ecommerce_metrics.country_decreases
[0m11:16:53.087794 [debug] [Thread-1 (]: Writing injected SQL for node "model.ecommerce_metrics.country_decreases"
[0m11:16:53.089429 [debug] [Thread-1 (]: Began executing node model.ecommerce_metrics.country_decreases
[0m11:16:53.122913 [debug] [Thread-1 (]: Writing runtime sql for node "model.ecommerce_metrics.country_decreases"
[0m11:16:53.123675 [debug] [Thread-1 (]: Opening a new connection, currently in state closed
[0m11:16:53.163508 [debug] [Thread-1 (]: On model.ecommerce_metrics.country_decreases: /* {"app": "dbt", "dbt_version": "1.8.7", "profile_name": "ecommerce_metrics", "target_name": "dev", "node_id": "model.ecommerce_metrics.country_decreases"} */

  
    

    create or replace table `pipeline-466508`.`ecommerce_analytics`.`country_decreases`
      
    
    

    OPTIONS()
    as (
      -- Top 5 countries with biggest decreases in last 30 days
-- Compares current 30-day period vs previous 30-day period

WITH periods AS (
  SELECT 
    CASE 
      WHEN country = 'Brasil' THEN 'Brazil'
      WHEN country = 'United States' THEN 'United States of America'
      WHEN country = 'Deutschland' THEN 'Germany'
      ELSE country
    END AS country,
    CASE 
      WHEN DATE(created_at) >= DATE_SUB(CURRENT_DATE(), INTERVAL 30 DAY) THEN 'current'
      WHEN DATE(created_at) >= DATE_SUB(CURRENT_DATE(), INTERVAL 60 DAY) 
       AND DATE(created_at) < DATE_SUB(CURRENT_DATE(), INTERVAL 30 DAY) THEN 'previous'
      ELSE 'other'
    END AS period
  FROM `bigquery-public-data`.`thelook_ecommerce`.`users`
  WHERE country IS NOT NULL
    AND DATE(created_at) >= DATE_SUB(CURRENT_DATE(), INTERVAL 60 DAY)
),

period_counts AS (
  SELECT 
    country,
    COUNTIF(period = 'current') AS current_users,
    COUNTIF(period = 'previous') AS previous_users
  FROM periods
  WHERE period IN ('current', 'previous')
  GROUP BY country
  HAVING previous_users > 0  -- Avoid division by zero
),

total_users AS (
  SELECT 
    CASE 
      WHEN country = 'Brasil' THEN 'Brazil'
      WHEN country = 'United States' THEN 'United States of America'
      WHEN country = 'Deutschland' THEN 'Germany'
      ELSE country
    END AS country,
    COUNT(*) AS total_user_base
  FROM `bigquery-public-data`.`thelook_ecommerce`.`users`
  WHERE country IS NOT NULL
  GROUP BY country
),

with_change AS (
  SELECT 
    p.country,
    p.previous_users - p.current_users AS users_lost_last_30_days,
    t.total_user_base,
    SAFE_DIVIDE(p.previous_users - p.current_users, t.total_user_base) * 100 AS decrease_percentage
  FROM period_counts p
  JOIN total_users t ON p.country = t.country
  WHERE p.current_users < p.previous_users  -- Only countries losing users
    AND t.total_user_base >= 50  -- Filter for countries with meaningful user base
    AND p.previous_users >= 10  -- Meaningful decrease
)

SELECT 
  country,
  users_lost_last_30_days AS decrease_number,
  decrease_percentage
FROM with_change
ORDER BY decrease_percentage DESC
LIMIT 3
    );
  
[0m11:16:53.934585 [debug] [Thread-1 (]: BigQuery adapter: https://console.cloud.google.com/bigquery?project=pipeline-466508&j=bq:US:3c9f1d2e-3bb2-4f1f-855f-c05309fd8189&page=queryresults
[0m11:16:56.898171 [debug] [Thread-1 (]: Sending event: {'category': 'dbt', 'action': 'run_model', 'label': '096da72f-2e64-49e8-ac88-320d615f2f87', 'context': [<snowplow_tracker.self_describing_json.SelfDescribingJson object at 0x147b7e1d0>]}
[0m11:16:56.899308 [info ] [Thread-1 (]: 1 of 13 OK created sql table model ecommerce_analytics.country_decreases ....... [[32mCREATE TABLE (0.0 rows, 1.7 MiB processed)[0m in 3.82s]
[0m11:16:56.900244 [debug] [Thread-1 (]: Finished running node model.ecommerce_metrics.country_decreases
[0m11:16:56.900823 [debug] [Thread-1 (]: Began running node model.ecommerce_metrics.country_increases
[0m11:16:56.901560 [info ] [Thread-1 (]: 2 of 13 START sql table model ecommerce_analytics.country_increases ............ [RUN]
[0m11:16:56.902224 [debug] [Thread-1 (]: Re-using an available connection from the pool (formerly model.ecommerce_metrics.country_decreases, now model.ecommerce_metrics.country_increases)
[0m11:16:56.902627 [debug] [Thread-1 (]: Began compiling node model.ecommerce_metrics.country_increases
[0m11:16:56.906407 [debug] [Thread-1 (]: Writing injected SQL for node "model.ecommerce_metrics.country_increases"
[0m11:16:56.907394 [debug] [Thread-1 (]: Began executing node model.ecommerce_metrics.country_increases
[0m11:16:56.910196 [debug] [Thread-1 (]: Writing runtime sql for node "model.ecommerce_metrics.country_increases"
[0m11:16:56.910869 [debug] [Thread-1 (]: Opening a new connection, currently in state closed
[0m11:16:56.959692 [debug] [Thread-1 (]: On model.ecommerce_metrics.country_increases: /* {"app": "dbt", "dbt_version": "1.8.7", "profile_name": "ecommerce_metrics", "target_name": "dev", "node_id": "model.ecommerce_metrics.country_increases"} */

  
    

    create or replace table `pipeline-466508`.`ecommerce_analytics`.`country_increases`
      
    
    

    OPTIONS()
    as (
      -- Top 5 countries with biggest increases in last 30 days
-- Compares current 30-day period vs previous 30-day period

WITH periods AS (
  SELECT 
    CASE 
      WHEN country = 'Brasil' THEN 'Brazil'
      WHEN country = 'United States' THEN 'United States of America'
      WHEN country = 'Deutschland' THEN 'Germany'
      ELSE country
    END AS country,
    CASE 
      WHEN DATE(created_at) >= DATE_SUB(CURRENT_DATE(), INTERVAL 30 DAY) THEN 'current'
      WHEN DATE(created_at) >= DATE_SUB(CURRENT_DATE(), INTERVAL 60 DAY) 
       AND DATE(created_at) < DATE_SUB(CURRENT_DATE(), INTERVAL 30 DAY) THEN 'previous'
      ELSE 'other'
    END AS period
  FROM `bigquery-public-data`.`thelook_ecommerce`.`users`
  WHERE country IS NOT NULL
    AND DATE(created_at) >= DATE_SUB(CURRENT_DATE(), INTERVAL 60 DAY)
),

period_counts AS (
  SELECT 
    country,
    COUNTIF(period = 'current') AS current_users,
    COUNTIF(period = 'previous') AS previous_users
  FROM periods
  WHERE period IN ('current', 'previous')
  GROUP BY country
  HAVING previous_users > 0  -- Avoid division by zero
),

total_users AS (
  SELECT 
    CASE 
      WHEN country = 'Brasil' THEN 'Brazil'
      WHEN country = 'United States' THEN 'United States of America'
      WHEN country = 'Deutschland' THEN 'Germany'
      ELSE country
    END AS country,
    COUNT(*) AS total_user_base
  FROM `bigquery-public-data`.`thelook_ecommerce`.`users`
  WHERE country IS NOT NULL
  GROUP BY country
),

with_change AS (
  SELECT 
    p.country,
    p.current_users AS new_users_last_30_days,
    t.total_user_base,
    SAFE_DIVIDE(p.current_users, t.total_user_base) * 100 AS increase_percentage
  FROM period_counts p
  JOIN total_users t ON p.country = t.country
  WHERE p.current_users > 0  -- Only countries with new users
    AND t.total_user_base >= 50  -- Filter for countries with meaningful user base
)

SELECT 
  country,
  new_users_last_30_days AS increase_number,
  increase_percentage
FROM with_change
ORDER BY increase_percentage DESC
LIMIT 3
    );
  
[0m11:16:57.662304 [debug] [Thread-1 (]: BigQuery adapter: https://console.cloud.google.com/bigquery?project=pipeline-466508&j=bq:US:e12e04bf-5a86-4aee-9dc1-63f799841b4f&page=queryresults
[0m11:17:00.708937 [debug] [Thread-1 (]: Sending event: {'category': 'dbt', 'action': 'run_model', 'label': '096da72f-2e64-49e8-ac88-320d615f2f87', 'context': [<snowplow_tracker.self_describing_json.SelfDescribingJson object at 0x147183310>]}
[0m11:17:00.709914 [info ] [Thread-1 (]: 2 of 13 OK created sql table model ecommerce_analytics.country_increases ....... [[32mCREATE TABLE (3.0 rows, 1.7 MiB processed)[0m in 3.81s]
[0m11:17:00.710684 [debug] [Thread-1 (]: Finished running node model.ecommerce_metrics.country_increases
[0m11:17:00.711179 [debug] [Thread-1 (]: Began running node model.ecommerce_metrics.country_trends
[0m11:17:00.711731 [info ] [Thread-1 (]: 3 of 13 START sql table model ecommerce_analytics.country_trends ............... [RUN]
[0m11:17:00.712471 [debug] [Thread-1 (]: Re-using an available connection from the pool (formerly model.ecommerce_metrics.country_increases, now model.ecommerce_metrics.country_trends)
[0m11:17:00.712856 [debug] [Thread-1 (]: Began compiling node model.ecommerce_metrics.country_trends
[0m11:17:00.716310 [debug] [Thread-1 (]: Writing injected SQL for node "model.ecommerce_metrics.country_trends"
[0m11:17:00.718420 [debug] [Thread-1 (]: Began executing node model.ecommerce_metrics.country_trends
[0m11:17:00.720594 [debug] [Thread-1 (]: Opening a new connection, currently in state closed
[0m11:17:01.139957 [debug] [Thread-1 (]: Writing runtime sql for node "model.ecommerce_metrics.country_trends"
[0m11:17:01.143198 [debug] [Thread-1 (]: On model.ecommerce_metrics.country_trends: /* {"app": "dbt", "dbt_version": "1.8.7", "profile_name": "ecommerce_metrics", "target_name": "dev", "node_id": "model.ecommerce_metrics.country_trends"} */

  
    

    create or replace table `pipeline-466508`.`ecommerce_analytics`.`country_trends`
      
    
    

    OPTIONS()
    as (
      -- Top 5 percentage increasing and decreasing countries last 30 days
-- Compares current 30-day period vs previous 30-day period

WITH periods AS (
  SELECT 
    CASE 
      WHEN country = 'Brasil' THEN 'Brazil'
      WHEN country = 'United States' THEN 'United States of America'
      WHEN country = 'Deutschland' THEN 'Germany'
      ELSE country
    END AS country,
    CASE 
      WHEN DATE(created_at) >= DATE_SUB(CURRENT_DATE(), INTERVAL 30 DAY) THEN 'current'
      WHEN DATE(created_at) >= DATE_SUB(CURRENT_DATE(), INTERVAL 60 DAY) 
       AND DATE(created_at) < DATE_SUB(CURRENT_DATE(), INTERVAL 30 DAY) THEN 'previous'
      ELSE 'other'
    END AS period
  FROM `bigquery-public-data`.`thelook_ecommerce`.`users`
  WHERE country IS NOT NULL
    AND DATE(created_at) >= DATE_SUB(CURRENT_DATE(), INTERVAL 60 DAY)
),

period_counts AS (
  SELECT 
    country,
    COUNTIF(period = 'current') AS current_users,
    COUNTIF(period = 'previous') AS previous_users
  FROM periods
  WHERE period IN ('current', 'previous')
  GROUP BY country
  HAVING previous_users > 0  -- Avoid division by zero
),

with_change AS (
  SELECT 
    country,
    current_users,
    previous_users,
    SAFE_DIVIDE(current_users - previous_users, previous_users) AS pct_change
  FROM period_counts
  WHERE previous_users >= 10  -- Filter for countries with meaningful data
),

ranked AS (
  SELECT 
    country,
    current_users,
    previous_users, 
    pct_change,
    ROW_NUMBER() OVER (ORDER BY pct_change DESC) AS growth_rank,
    ROW_NUMBER() OVER (ORDER BY pct_change ASC) AS decline_rank
  FROM with_change
)

SELECT 
  country,
  current_users,
  previous_users,
  pct_change,
  CASE 
    WHEN growth_rank <= 5 THEN 'Top Growth'
    WHEN decline_rank <= 5 THEN 'Top Decline' 
  END AS trend_type
FROM ranked
WHERE growth_rank <= 5 OR decline_rank <= 5
ORDER BY pct_change DESC
    );
  
[0m11:17:01.670291 [debug] [Thread-1 (]: BigQuery adapter: https://console.cloud.google.com/bigquery?project=pipeline-466508&j=bq:US:e74a58d4-8df9-4541-9379-c820e6e1aa89&page=queryresults
[0m11:17:10.856993 [debug] [Thread-1 (]: Sending event: {'category': 'dbt', 'action': 'run_model', 'label': '096da72f-2e64-49e8-ac88-320d615f2f87', 'context': [<snowplow_tracker.self_describing_json.SelfDescribingJson object at 0x147bd2d90>]}
[0m11:17:10.858728 [info ] [Thread-1 (]: 3 of 13 OK created sql table model ecommerce_analytics.country_trends .......... [[32mCREATE TABLE (10.0 rows, 1.7 MiB processed)[0m in 10.14s]
[0m11:17:10.859638 [debug] [Thread-1 (]: Finished running node model.ecommerce_metrics.country_trends
[0m11:17:10.860287 [debug] [Thread-1 (]: Began running node model.ecommerce_metrics.data_end_date
[0m11:17:10.861159 [info ] [Thread-1 (]: 4 of 13 START sql table model ecommerce_analytics.data_end_date ................ [RUN]
[0m11:17:10.861853 [debug] [Thread-1 (]: Re-using an available connection from the pool (formerly model.ecommerce_metrics.country_trends, now model.ecommerce_metrics.data_end_date)
[0m11:17:10.862353 [debug] [Thread-1 (]: Began compiling node model.ecommerce_metrics.data_end_date
[0m11:17:10.867232 [debug] [Thread-1 (]: Writing injected SQL for node "model.ecommerce_metrics.data_end_date"
[0m11:17:10.869720 [debug] [Thread-1 (]: Began executing node model.ecommerce_metrics.data_end_date
[0m11:17:10.873225 [debug] [Thread-1 (]: Opening a new connection, currently in state closed
[0m11:17:11.378910 [debug] [Thread-1 (]: Writing runtime sql for node "model.ecommerce_metrics.data_end_date"
[0m11:17:11.380955 [debug] [Thread-1 (]: On model.ecommerce_metrics.data_end_date: /* {"app": "dbt", "dbt_version": "1.8.7", "profile_name": "ecommerce_metrics", "target_name": "dev", "node_id": "model.ecommerce_metrics.data_end_date"} */

  
    

    create or replace table `pipeline-466508`.`ecommerce_analytics`.`data_end_date`
      
    
    

    OPTIONS()
    as (
      -- Data freshness indicator
-- Shows the latest date in the events table

SELECT MAX(DATE(created_at)) AS data_end_date
FROM `bigquery-public-data`.`thelook_ecommerce`.`events`
    );
  
[0m11:17:11.927304 [debug] [Thread-1 (]: BigQuery adapter: https://console.cloud.google.com/bigquery?project=pipeline-466508&j=bq:US:e6c9067c-f91d-4f2a-9621-41080c50b93f&page=queryresults
[0m11:17:15.947117 [debug] [Thread-1 (]: Sending event: {'category': 'dbt', 'action': 'run_model', 'label': '096da72f-2e64-49e8-ac88-320d615f2f87', 'context': [<snowplow_tracker.self_describing_json.SelfDescribingJson object at 0x147b59150>]}
[0m11:17:15.948821 [info ] [Thread-1 (]: 4 of 13 OK created sql table model ecommerce_analytics.data_end_date ........... [[32mCREATE TABLE (1.0 rows, 18.5 MiB processed)[0m in 5.09s]
[0m11:17:15.949557 [debug] [Thread-1 (]: Finished running node model.ecommerce_metrics.data_end_date
[0m11:17:15.950046 [debug] [Thread-1 (]: Began running node model.ecommerce_metrics.funnel
[0m11:17:15.950570 [info ] [Thread-1 (]: 5 of 13 START sql table model ecommerce_analytics.funnel ....................... [RUN]
[0m11:17:15.950870 [debug] [Thread-1 (]: Re-using an available connection from the pool (formerly model.ecommerce_metrics.data_end_date, now model.ecommerce_metrics.funnel)
[0m11:17:15.951075 [debug] [Thread-1 (]: Began compiling node model.ecommerce_metrics.funnel
[0m11:17:15.955492 [debug] [Thread-1 (]: Writing injected SQL for node "model.ecommerce_metrics.funnel"
[0m11:17:15.956522 [debug] [Thread-1 (]: Began executing node model.ecommerce_metrics.funnel
[0m11:17:15.958290 [debug] [Thread-1 (]: Opening a new connection, currently in state closed
[0m11:17:16.402490 [debug] [Thread-1 (]: Writing runtime sql for node "model.ecommerce_metrics.funnel"
[0m11:17:16.403379 [debug] [Thread-1 (]: On model.ecommerce_metrics.funnel: /* {"app": "dbt", "dbt_version": "1.8.7", "profile_name": "ecommerce_metrics", "target_name": "dev", "node_id": "model.ecommerce_metrics.funnel"} */

  
    

    create or replace table `pipeline-466508`.`ecommerce_analytics`.`funnel`
      
    
    

    OPTIONS()
    as (
      -- Shopping Funnel for Latest Full Month
-- 3-step conversion funnel: product → cart → purchase

WITH latest_full_month AS (
  SELECT DATE_SUB(DATE_TRUNC(CURRENT_DATE(), MONTH), INTERVAL 1 MONTH) AS month
),

month_events AS (
  SELECT 
    session_id, 
    event_type
  FROM `bigquery-public-data`.`thelook_ecommerce`.`events`
  CROSS JOIN latest_full_month
  WHERE DATE_TRUNC(DATE(created_at), MONTH) = latest_full_month.month
),

sessions AS (
  SELECT 
    session_id, 
    ARRAY_AGG(DISTINCT event_type) AS steps
  FROM month_events
  GROUP BY session_id
),

counts AS (
  SELECT
    COUNTIF('product' IN UNNEST(steps)) AS s1,
    COUNTIF('product' IN UNNEST(steps) AND 'cart' IN UNNEST(steps)) AS s2,
    COUNTIF('product' IN UNNEST(steps) AND 'cart' IN UNNEST(steps) AND 'purchase' IN UNNEST(steps)) AS s3
  FROM sessions
)

SELECT * FROM (
  SELECT 1 AS step, 'Product View' AS step_name, s1 AS sessions FROM counts UNION ALL
  SELECT 2 AS step, 'Add to Cart' AS step_name, s2 AS sessions FROM counts UNION ALL
  SELECT 3 AS step, 'Purchase' AS step_name, s3 AS sessions FROM counts
)
ORDER BY step
    );
  
[0m11:17:17.028184 [debug] [Thread-1 (]: BigQuery adapter: https://console.cloud.google.com/bigquery?project=pipeline-466508&j=bq:US:af0dfd1b-6df5-49e7-bb6c-46a6409f5ae8&page=queryresults
[0m11:17:20.528515 [debug] [Thread-1 (]: Sending event: {'category': 'dbt', 'action': 'run_model', 'label': '096da72f-2e64-49e8-ac88-320d615f2f87', 'context': [<snowplow_tracker.self_describing_json.SelfDescribingJson object at 0x147187d10>]}
[0m11:17:20.529400 [info ] [Thread-1 (]: 5 of 13 OK created sql table model ecommerce_analytics.funnel .................. [[32mCREATE TABLE (3.0 rows, 126.7 MiB processed)[0m in 4.58s]
[0m11:17:20.530078 [debug] [Thread-1 (]: Finished running node model.ecommerce_metrics.funnel
[0m11:17:20.530563 [debug] [Thread-1 (]: Began running node model.ecommerce_metrics.mau
[0m11:17:20.531149 [info ] [Thread-1 (]: 6 of 13 START sql table model ecommerce_analytics.mau .......................... [RUN]
[0m11:17:20.531701 [debug] [Thread-1 (]: Re-using an available connection from the pool (formerly model.ecommerce_metrics.funnel, now model.ecommerce_metrics.mau)
[0m11:17:20.532175 [debug] [Thread-1 (]: Began compiling node model.ecommerce_metrics.mau
[0m11:17:20.536080 [debug] [Thread-1 (]: Writing injected SQL for node "model.ecommerce_metrics.mau"
[0m11:17:20.537095 [debug] [Thread-1 (]: Began executing node model.ecommerce_metrics.mau
[0m11:17:20.540218 [debug] [Thread-1 (]: Opening a new connection, currently in state closed
[0m11:17:20.973727 [debug] [Thread-1 (]: Writing runtime sql for node "model.ecommerce_metrics.mau"
[0m11:17:20.974885 [debug] [Thread-1 (]: On model.ecommerce_metrics.mau: /* {"app": "dbt", "dbt_version": "1.8.7", "profile_name": "ecommerce_metrics", "target_name": "dev", "node_id": "model.ecommerce_metrics.mau"} */

  
    

    create or replace table `pipeline-466508`.`ecommerce_analytics`.`mau`
      
    
    

    OPTIONS()
    as (
      -- Monthly Active Users (MAU)
-- Excludes current month to show only complete months

WITH base AS (
  SELECT 
    DATE_TRUNC(DATE(created_at), MONTH) AS month, 
    user_id
  FROM `bigquery-public-data`.`thelook_ecommerce`.`events`
  WHERE DATE_TRUNC(DATE(created_at), MONTH) < DATE_TRUNC(CURRENT_DATE(), MONTH)
)

SELECT 
  month, 
  COUNT(DISTINCT user_id) AS mau
FROM base
GROUP BY month
ORDER BY month
    );
  
[0m11:17:21.559323 [debug] [Thread-1 (]: BigQuery adapter: https://console.cloud.google.com/bigquery?project=pipeline-466508&j=bq:US:b028da44-85a9-4b7a-9fff-50a6198d8cca&page=queryresults
[0m11:17:24.590326 [debug] [Thread-1 (]: Sending event: {'category': 'dbt', 'action': 'run_model', 'label': '096da72f-2e64-49e8-ac88-320d615f2f87', 'context': [<snowplow_tracker.self_describing_json.SelfDescribingJson object at 0x1472271d0>]}
[0m11:17:24.591507 [info ] [Thread-1 (]: 6 of 13 OK created sql table model ecommerce_analytics.mau ..................... [[32mCREATE TABLE (79.0 rows, 28.3 MiB processed)[0m in 4.06s]
[0m11:17:24.592211 [debug] [Thread-1 (]: Finished running node model.ecommerce_metrics.mau
[0m11:17:24.592714 [debug] [Thread-1 (]: Began running node model.ecommerce_metrics.mau_quarterly
[0m11:17:24.593478 [info ] [Thread-1 (]: 7 of 13 START sql table model ecommerce_analytics.mau_quarterly ................ [RUN]
[0m11:17:24.594025 [debug] [Thread-1 (]: Re-using an available connection from the pool (formerly model.ecommerce_metrics.mau, now model.ecommerce_metrics.mau_quarterly)
[0m11:17:24.594429 [debug] [Thread-1 (]: Began compiling node model.ecommerce_metrics.mau_quarterly
[0m11:17:24.598319 [debug] [Thread-1 (]: Writing injected SQL for node "model.ecommerce_metrics.mau_quarterly"
[0m11:17:24.600308 [debug] [Thread-1 (]: Began executing node model.ecommerce_metrics.mau_quarterly
[0m11:17:24.602366 [debug] [Thread-1 (]: Opening a new connection, currently in state closed
[0m11:17:25.018846 [debug] [Thread-1 (]: Writing runtime sql for node "model.ecommerce_metrics.mau_quarterly"
[0m11:17:25.019518 [debug] [Thread-1 (]: On model.ecommerce_metrics.mau_quarterly: /* {"app": "dbt", "dbt_version": "1.8.7", "profile_name": "ecommerce_metrics", "target_name": "dev", "node_id": "model.ecommerce_metrics.mau_quarterly"} */

  
    

    create or replace table `pipeline-466508`.`ecommerce_analytics`.`mau_quarterly`
      
    
    

    OPTIONS()
    as (
      -- Monthly Active Users aggregated by quarter for cleaner axis display
-- Shows Q1, Q2, Q3, Q4 for each year

WITH monthly_mau AS (
  SELECT 
    DATE_TRUNC(DATE(created_at), MONTH) AS month, 
    user_id
  FROM `bigquery-public-data`.`thelook_ecommerce`.`events`
  WHERE DATE_TRUNC(DATE(created_at), MONTH) < DATE_TRUNC(CURRENT_DATE(), MONTH)
),

quarterly_base AS (
  SELECT 
    DATE_TRUNC(month, QUARTER) AS quarter,
    user_id
  FROM monthly_mau
)

SELECT 
  quarter, 
  COUNT(DISTINCT user_id) AS mau
FROM quarterly_base
GROUP BY quarter
ORDER BY quarter
    );
  
[0m11:17:25.612237 [debug] [Thread-1 (]: BigQuery adapter: https://console.cloud.google.com/bigquery?project=pipeline-466508&j=bq:US:182fefcf-53b7-4e6d-b70c-e88057c64286&page=queryresults
[0m11:17:29.810904 [debug] [Thread-1 (]: Sending event: {'category': 'dbt', 'action': 'run_model', 'label': '096da72f-2e64-49e8-ac88-320d615f2f87', 'context': [<snowplow_tracker.self_describing_json.SelfDescribingJson object at 0x147bd3e90>]}
[0m11:17:29.811919 [info ] [Thread-1 (]: 7 of 13 OK created sql table model ecommerce_analytics.mau_quarterly ........... [[32mCREATE TABLE (27.0 rows, 28.3 MiB processed)[0m in 5.22s]
[0m11:17:29.812636 [debug] [Thread-1 (]: Finished running node model.ecommerce_metrics.mau_quarterly
[0m11:17:29.813147 [debug] [Thread-1 (]: Began running node model.ecommerce_metrics.platform_share
[0m11:17:29.813848 [info ] [Thread-1 (]: 8 of 13 START sql table model ecommerce_analytics.platform_share ............... [RUN]
[0m11:17:29.814495 [debug] [Thread-1 (]: Re-using an available connection from the pool (formerly model.ecommerce_metrics.mau_quarterly, now model.ecommerce_metrics.platform_share)
[0m11:17:29.814941 [debug] [Thread-1 (]: Began compiling node model.ecommerce_metrics.platform_share
[0m11:17:29.818537 [debug] [Thread-1 (]: Writing injected SQL for node "model.ecommerce_metrics.platform_share"
[0m11:17:29.820989 [debug] [Thread-1 (]: Began executing node model.ecommerce_metrics.platform_share
[0m11:17:29.823351 [debug] [Thread-1 (]: Opening a new connection, currently in state closed
[0m11:17:30.425401 [debug] [Thread-1 (]: Writing runtime sql for node "model.ecommerce_metrics.platform_share"
[0m11:17:30.427182 [debug] [Thread-1 (]: On model.ecommerce_metrics.platform_share: /* {"app": "dbt", "dbt_version": "1.8.7", "profile_name": "ecommerce_metrics", "target_name": "dev", "node_id": "model.ecommerce_metrics.platform_share"} */

  
    

    create or replace table `pipeline-466508`.`ecommerce_analytics`.`platform_share`
      
    
    

    OPTIONS()
    as (
      -- Users by Platform (Android/iOS/Desktop/Web)
-- Assigns each user their dominant platform based on most recent activity

WITH classified AS (
  SELECT
    user_id,
    CASE
      WHEN LOWER(browser) = 'safari' THEN 'iOS'
      WHEN LOWER(browser) = 'chrome' THEN 'Android' -- Assume Chrome is primarily mobile/Android
      WHEN LOWER(browser) = 'firefox' THEN 'Desktop'
      WHEN LOWER(browser) = 'ie' THEN 'Desktop'
      ELSE 'Web'
    END AS platform,
    TIMESTAMP(created_at) AS ts
  FROM `bigquery-public-data`.`thelook_ecommerce`.`events`
),

latest_per_user AS (
  SELECT 
    user_id,
    platform
  FROM (
    SELECT 
      user_id,
      platform,
      ROW_NUMBER() OVER (PARTITION BY user_id ORDER BY ts DESC) AS rn
    FROM classified
  )
  WHERE rn = 1
)

SELECT
  platform,
  COUNT(*) AS users,
  SAFE_DIVIDE(COUNT(*), SUM(COUNT(*)) OVER ()) AS share
FROM latest_per_user
GROUP BY platform
ORDER BY users DESC
    );
  
[0m11:17:30.936590 [debug] [Thread-1 (]: BigQuery adapter: https://console.cloud.google.com/bigquery?project=pipeline-466508&j=bq:US:201a720e-bfea-4d63-a481-b0137a67467e&page=queryresults
[0m11:17:35.344986 [debug] [Thread-1 (]: Sending event: {'category': 'dbt', 'action': 'run_model', 'label': '096da72f-2e64-49e8-ac88-320d615f2f87', 'context': [<snowplow_tracker.self_describing_json.SelfDescribingJson object at 0x147c2b750>]}
[0m11:17:35.346353 [info ] [Thread-1 (]: 8 of 13 OK created sql table model ecommerce_analytics.platform_share .......... [[32mCREATE TABLE (4.0 rows, 46.7 MiB processed)[0m in 5.53s]
[0m11:17:35.347167 [debug] [Thread-1 (]: Finished running node model.ecommerce_metrics.platform_share
[0m11:17:35.347802 [debug] [Thread-1 (]: Began running node model.ecommerce_metrics.retention
[0m11:17:35.348690 [info ] [Thread-1 (]: 9 of 13 START sql table model ecommerce_analytics.retention .................... [RUN]
[0m11:17:35.349565 [debug] [Thread-1 (]: Re-using an available connection from the pool (formerly model.ecommerce_metrics.platform_share, now model.ecommerce_metrics.retention)
[0m11:17:35.350041 [debug] [Thread-1 (]: Began compiling node model.ecommerce_metrics.retention
[0m11:17:35.354632 [debug] [Thread-1 (]: Writing injected SQL for node "model.ecommerce_metrics.retention"
[0m11:17:35.356714 [debug] [Thread-1 (]: Began executing node model.ecommerce_metrics.retention
[0m11:17:35.362014 [debug] [Thread-1 (]: Opening a new connection, currently in state closed
[0m11:17:35.801820 [debug] [Thread-1 (]: Writing runtime sql for node "model.ecommerce_metrics.retention"
[0m11:17:35.803745 [debug] [Thread-1 (]: On model.ecommerce_metrics.retention: /* {"app": "dbt", "dbt_version": "1.8.7", "profile_name": "ecommerce_metrics", "target_name": "dev", "node_id": "model.ecommerce_metrics.retention"} */

  
    

    create or replace table `pipeline-466508`.`ecommerce_analytics`.`retention`
      
    
    

    OPTIONS()
    as (
      -- Monthly Cohort Retention Analysis
-- Shows retention rates for the 5 most recent cohorts

WITH cohort AS (
  SELECT 
    id AS user_id, 
    DATE_TRUNC(DATE(created_at), MONTH) AS cohort_month
  FROM `bigquery-public-data`.`thelook_ecommerce`.`users`
  WHERE DATE_TRUNC(DATE(created_at), MONTH) < DATE_TRUNC(CURRENT_DATE(), MONTH)
),

activity AS (
  SELECT DISTINCT 
    user_id, 
    DATE_TRUNC(DATE(created_at), MONTH) AS active_month
  FROM `bigquery-public-data`.`thelook_ecommerce`.`events`
),

matrix AS (
  SELECT 
    c.cohort_month,
    DATE_DIFF(a.active_month, c.cohort_month, MONTH) AS age_month,
    COUNT(DISTINCT a.user_id) AS active_users
  FROM cohort c
  JOIN activity a USING (user_id)
  WHERE DATE_DIFF(a.active_month, c.cohort_month, MONTH) >= 0
  GROUP BY c.cohort_month, age_month
),

sizes AS (
  SELECT 
    cohort_month, 
    COUNT(*) AS cohort_size
  FROM cohort
  GROUP BY cohort_month
),

rates AS (
  SELECT 
    m.cohort_month, 
    m.age_month, 
    m.active_users, 
    s.cohort_size,
    SAFE_DIVIDE(m.active_users, s.cohort_size) AS retention_rate
  FROM matrix m
  JOIN sizes s USING (cohort_month)
),

ranked AS (
  SELECT 
    cohort_month, 
    cohort_size,
    DENSE_RANK() OVER (ORDER BY cohort_month DESC) AS rnk
  FROM sizes
)

SELECT
  r.cohort_month,
  CONCAT(
    CAST(EXTRACT(YEAR FROM r.cohort_month) AS STRING), 
    '-', 
    LPAD(CAST(EXTRACT(MONTH FROM r.cohort_month) AS STRING), 2, '0')
  ) AS cohort_label,
  rates.age_month,
  rates.retention_rate
FROM rates
JOIN ranked r USING (cohort_month)
WHERE r.rnk <= 5
  AND r.cohort_size >= 50  -- Filter small cohorts
ORDER BY cohort_month, age_month
    );
  
[0m11:17:36.403347 [debug] [Thread-1 (]: BigQuery adapter: https://console.cloud.google.com/bigquery?project=pipeline-466508&j=bq:US:32d85cae-141f-45fe-b1f4-a51b02a9f581&page=queryresults
[0m11:17:41.793117 [debug] [Thread-1 (]: Sending event: {'category': 'dbt', 'action': 'run_model', 'label': '096da72f-2e64-49e8-ac88-320d615f2f87', 'context': [<snowplow_tracker.self_describing_json.SelfDescribingJson object at 0x147c59d90>]}
[0m11:17:41.794772 [info ] [Thread-1 (]: 9 of 13 OK created sql table model ecommerce_analytics.retention ............... [[32mCREATE TABLE (20.0 rows, 29.9 MiB processed)[0m in 6.44s]
[0m11:17:41.796629 [debug] [Thread-1 (]: Finished running node model.ecommerce_metrics.retention
[0m11:17:41.797762 [debug] [Thread-1 (]: Began running node model.ecommerce_metrics.users_by_country
[0m11:17:41.799088 [info ] [Thread-1 (]: 10 of 13 START sql table model ecommerce_analytics.users_by_country ............ [RUN]
[0m11:17:41.800245 [debug] [Thread-1 (]: Re-using an available connection from the pool (formerly model.ecommerce_metrics.retention, now model.ecommerce_metrics.users_by_country)
[0m11:17:41.801166 [debug] [Thread-1 (]: Began compiling node model.ecommerce_metrics.users_by_country
[0m11:17:41.807314 [debug] [Thread-1 (]: Writing injected SQL for node "model.ecommerce_metrics.users_by_country"
[0m11:17:41.809390 [debug] [Thread-1 (]: Began executing node model.ecommerce_metrics.users_by_country
[0m11:17:41.812580 [debug] [Thread-1 (]: Opening a new connection, currently in state closed
[0m11:17:42.242960 [debug] [Thread-1 (]: Writing runtime sql for node "model.ecommerce_metrics.users_by_country"
[0m11:17:42.243526 [debug] [Thread-1 (]: On model.ecommerce_metrics.users_by_country: /* {"app": "dbt", "dbt_version": "1.8.7", "profile_name": "ecommerce_metrics", "target_name": "dev", "node_id": "model.ecommerce_metrics.users_by_country"} */

  
    

    create or replace table `pipeline-466508`.`ecommerce_analytics`.`users_by_country`
      
    
    

    OPTIONS()
    as (
      -- Users by Country
-- Counts users by country, filtering out nulls and standardizing names for GeoJSON compatibility

WITH standardized_countries AS (
  SELECT 
    CASE 
      WHEN country = 'Brasil' THEN 'Brazil'
      WHEN country = 'United States' THEN 'United States of America'
      WHEN country = 'Deutschland' THEN 'Germany'
      ELSE country
    END AS country,
    id
  FROM `bigquery-public-data`.`thelook_ecommerce`.`users`
  WHERE country IS NOT NULL
)

SELECT 
  country, 
  COUNT(*) AS users
FROM standardized_countries
GROUP BY country
ORDER BY users DESC
    );
  
[0m11:17:42.916555 [debug] [Thread-1 (]: BigQuery adapter: https://console.cloud.google.com/bigquery?project=pipeline-466508&j=bq:US:dcd0c1b7-9a11-46f8-bd81-9078d7944ee5&page=queryresults
[0m11:17:45.579999 [debug] [Thread-1 (]: Sending event: {'category': 'dbt', 'action': 'run_model', 'label': '096da72f-2e64-49e8-ac88-320d615f2f87', 'context': [<snowplow_tracker.self_describing_json.SelfDescribingJson object at 0x147bca590>]}
[0m11:17:45.580934 [info ] [Thread-1 (]: 10 of 13 OK created sql table model ecommerce_analytics.users_by_country ....... [[32mCREATE TABLE (15.0 rows, 968.6 KiB processed)[0m in 3.78s]
[0m11:17:45.581714 [debug] [Thread-1 (]: Finished running node model.ecommerce_metrics.users_by_country
[0m11:17:45.582429 [debug] [Thread-1 (]: Began running node test.ecommerce_metrics.not_null_mau_mau.643fa97027
[0m11:17:45.583194 [info ] [Thread-1 (]: 11 of 13 START test not_null_mau_mau ........................................... [RUN]
[0m11:17:45.583786 [debug] [Thread-1 (]: Re-using an available connection from the pool (formerly model.ecommerce_metrics.users_by_country, now test.ecommerce_metrics.not_null_mau_mau.643fa97027)
[0m11:17:45.584222 [debug] [Thread-1 (]: Began compiling node test.ecommerce_metrics.not_null_mau_mau.643fa97027
[0m11:17:45.596657 [debug] [Thread-1 (]: Writing injected SQL for node "test.ecommerce_metrics.not_null_mau_mau.643fa97027"
[0m11:17:45.597574 [debug] [Thread-1 (]: Began executing node test.ecommerce_metrics.not_null_mau_mau.643fa97027
[0m11:17:45.609005 [debug] [Thread-1 (]: Writing runtime sql for node "test.ecommerce_metrics.not_null_mau_mau.643fa97027"
[0m11:17:45.609820 [debug] [Thread-1 (]: Opening a new connection, currently in state closed
[0m11:17:45.658770 [debug] [Thread-1 (]: On test.ecommerce_metrics.not_null_mau_mau.643fa97027: /* {"app": "dbt", "dbt_version": "1.8.7", "profile_name": "ecommerce_metrics", "target_name": "dev", "node_id": "test.ecommerce_metrics.not_null_mau_mau.643fa97027"} */
select
      count(*) as failures,
      count(*) != 0 as should_warn,
      count(*) != 0 as should_error
    from (
      
    
    



select mau
from `pipeline-466508`.`ecommerce_analytics`.`mau`
where mau is null



      
    ) dbt_internal_test
[0m11:17:46.486245 [debug] [Thread-1 (]: BigQuery adapter: https://console.cloud.google.com/bigquery?project=pipeline-466508&j=bq:US:d48af118-de38-4cb6-a530-eece48ceeced&page=queryresults
[0m11:17:47.283272 [info ] [Thread-1 (]: 11 of 13 PASS not_null_mau_mau ................................................. [[32mPASS[0m in 1.70s]
[0m11:17:47.284177 [debug] [Thread-1 (]: Finished running node test.ecommerce_metrics.not_null_mau_mau.643fa97027
[0m11:17:47.284842 [debug] [Thread-1 (]: Began running node test.ecommerce_metrics.not_null_mau_month.09994c617a
[0m11:17:47.285704 [info ] [Thread-1 (]: 12 of 13 START test not_null_mau_month ......................................... [RUN]
[0m11:17:47.286215 [debug] [Thread-1 (]: Re-using an available connection from the pool (formerly test.ecommerce_metrics.not_null_mau_mau.643fa97027, now test.ecommerce_metrics.not_null_mau_month.09994c617a)
[0m11:17:47.286629 [debug] [Thread-1 (]: Began compiling node test.ecommerce_metrics.not_null_mau_month.09994c617a
[0m11:17:47.293976 [debug] [Thread-1 (]: Writing injected SQL for node "test.ecommerce_metrics.not_null_mau_month.09994c617a"
[0m11:17:47.295250 [debug] [Thread-1 (]: Began executing node test.ecommerce_metrics.not_null_mau_month.09994c617a
[0m11:17:47.298921 [debug] [Thread-1 (]: Writing runtime sql for node "test.ecommerce_metrics.not_null_mau_month.09994c617a"
[0m11:17:47.300068 [debug] [Thread-1 (]: Opening a new connection, currently in state closed
[0m11:17:47.349308 [debug] [Thread-1 (]: On test.ecommerce_metrics.not_null_mau_month.09994c617a: /* {"app": "dbt", "dbt_version": "1.8.7", "profile_name": "ecommerce_metrics", "target_name": "dev", "node_id": "test.ecommerce_metrics.not_null_mau_month.09994c617a"} */
select
      count(*) as failures,
      count(*) != 0 as should_warn,
      count(*) != 0 as should_error
    from (
      
    
    



select month
from `pipeline-466508`.`ecommerce_analytics`.`mau`
where month is null



      
    ) dbt_internal_test
[0m11:17:48.241857 [debug] [Thread-1 (]: BigQuery adapter: https://console.cloud.google.com/bigquery?project=pipeline-466508&j=bq:US:11938bd0-3cab-4d58-9e43-a853ee82d74c&page=queryresults
[0m11:17:49.060151 [info ] [Thread-1 (]: 12 of 13 PASS not_null_mau_month ............................................... [[32mPASS[0m in 1.77s]
[0m11:17:49.061447 [debug] [Thread-1 (]: Finished running node test.ecommerce_metrics.not_null_mau_month.09994c617a
[0m11:17:49.062255 [debug] [Thread-1 (]: Began running node test.ecommerce_metrics.not_null_users_by_country_country.36b2eae41d
[0m11:17:49.063086 [info ] [Thread-1 (]: 13 of 13 START test not_null_users_by_country_country .......................... [RUN]
[0m11:17:49.063733 [debug] [Thread-1 (]: Re-using an available connection from the pool (formerly test.ecommerce_metrics.not_null_mau_month.09994c617a, now test.ecommerce_metrics.not_null_users_by_country_country.36b2eae41d)
[0m11:17:49.064271 [debug] [Thread-1 (]: Began compiling node test.ecommerce_metrics.not_null_users_by_country_country.36b2eae41d
[0m11:17:49.069879 [debug] [Thread-1 (]: Writing injected SQL for node "test.ecommerce_metrics.not_null_users_by_country_country.36b2eae41d"
[0m11:17:49.070958 [debug] [Thread-1 (]: Began executing node test.ecommerce_metrics.not_null_users_by_country_country.36b2eae41d
[0m11:17:49.076502 [debug] [Thread-1 (]: Writing runtime sql for node "test.ecommerce_metrics.not_null_users_by_country_country.36b2eae41d"
[0m11:17:49.077172 [debug] [Thread-1 (]: Opening a new connection, currently in state closed
[0m11:17:49.129150 [debug] [Thread-1 (]: On test.ecommerce_metrics.not_null_users_by_country_country.36b2eae41d: /* {"app": "dbt", "dbt_version": "1.8.7", "profile_name": "ecommerce_metrics", "target_name": "dev", "node_id": "test.ecommerce_metrics.not_null_users_by_country_country.36b2eae41d"} */
select
      count(*) as failures,
      count(*) != 0 as should_warn,
      count(*) != 0 as should_error
    from (
      
    
    



select country
from `pipeline-466508`.`ecommerce_analytics`.`users_by_country`
where country is null



      
    ) dbt_internal_test
[0m11:17:50.075491 [debug] [Thread-1 (]: BigQuery adapter: https://console.cloud.google.com/bigquery?project=pipeline-466508&j=bq:US:eb36e48e-0ce8-45f7-8a53-ae47e0eb9b90&page=queryresults
[0m11:17:50.808765 [info ] [Thread-1 (]: 13 of 13 PASS not_null_users_by_country_country ................................ [[32mPASS[0m in 1.74s]
[0m11:17:50.809818 [debug] [Thread-1 (]: Finished running node test.ecommerce_metrics.not_null_users_by_country_country.36b2eae41d
[0m11:17:50.811555 [debug] [MainThread]: Connection 'master' was properly closed.
[0m11:17:50.812143 [debug] [MainThread]: Connection 'test.ecommerce_metrics.not_null_users_by_country_country.36b2eae41d' was properly closed.
[0m11:17:50.812753 [info ] [MainThread]: 
[0m11:17:50.813243 [info ] [MainThread]: Finished running 10 table models, 3 data tests in 0 hours 0 minutes and 58.70 seconds (58.70s).
[0m11:17:50.815981 [debug] [MainThread]: Command end result
[0m11:17:50.840824 [info ] [MainThread]: 
[0m11:17:50.841154 [info ] [MainThread]: [32mCompleted successfully[0m
[0m11:17:50.841355 [info ] [MainThread]: 
[0m11:17:50.841570 [info ] [MainThread]: Done. PASS=13 WARN=0 ERROR=0 SKIP=0 TOTAL=13
[0m11:17:50.841885 [debug] [MainThread]: Resource report: {"command_name": "build", "command_success": true, "command_wall_clock_time": 61.00872, "process_user_time": 4.941864, "process_kernel_time": 0.522491, "process_mem_max_rss": "250724352", "process_in_blocks": "0", "process_out_blocks": "0"}
[0m11:17:50.842172 [debug] [MainThread]: Command `dbt build` succeeded at 11:17:50.842129 after 61.01 seconds
[0m11:17:50.842383 [debug] [MainThread]: Sending event: {'category': 'dbt', 'action': 'invocation', 'label': 'end', 'context': [<snowplow_tracker.self_describing_json.SelfDescribingJson object at 0x104968f90>, <snowplow_tracker.self_describing_json.SelfDescribingJson object at 0x104505ad0>, <snowplow_tracker.self_describing_json.SelfDescribingJson object at 0x100e5da50>]}
[0m11:17:50.842571 [debug] [MainThread]: Flushing usage events
[0m13:49:32.705881 [debug] [MainThread]: Sending event: {'category': 'dbt', 'action': 'invocation', 'label': 'start', 'context': [<snowplow_tracker.self_describing_json.SelfDescribingJson object at 0x11c5ef110>, <snowplow_tracker.self_describing_json.SelfDescribingJson object at 0x11c642b50>, <snowplow_tracker.self_describing_json.SelfDescribingJson object at 0x11c689c90>]}


============================== 13:49:32.708061 | e817d551-e4f3-4f16-afac-1feeb25323f0 ==============================
[0m13:49:32.708061 [info ] [MainThread]: Running with dbt=1.8.7
[0m13:49:32.708363 [debug] [MainThread]: running dbt with arguments {'printer_width': '80', 'indirect_selection': 'eager', 'write_json': 'True', 'log_cache_events': 'False', 'partial_parse': 'True', 'cache_selected_only': 'False', 'warn_error': 'None', 'debug': 'False', 'version_check': 'True', 'log_path': '/Users/liamtabibzadeh/Documents/hobby/SummaryAI/transform/ecommerce_metrics/logs', 'fail_fast': 'False', 'profiles_dir': '/Users/liamtabibzadeh/Documents/hobby/SummaryAI/transform/ecommerce_metrics', 'use_colors': 'True', 'use_experimental_parser': 'False', 'empty': 'False', 'quiet': 'False', 'no_print': 'None', 'warn_error_options': 'WarnErrorOptions(include=[], exclude=[])', 'introspect': 'True', 'invocation_command': 'dbt run --models new_user_registration_funnel', 'static_parser': 'True', 'target_path': 'None', 'log_format': 'default', 'send_anonymous_usage_stats': 'True'}
[0m13:49:32.710787 [error] [MainThread]: Encountered an error:
Parsing Error
  Env var required but not provided: 'GCP_PROJECT'
[0m13:49:32.711529 [debug] [MainThread]: Resource report: {"command_name": "run", "command_wall_clock_time": 0.036629166, "process_user_time": 0.517003, "process_kernel_time": 0.067434, "process_mem_max_rss": "96206848", "command_success": false, "process_in_blocks": "0", "process_out_blocks": "0"}
[0m13:49:32.711783 [debug] [MainThread]: Command `dbt run` failed at 13:49:32.711743 after 0.04 seconds
[0m13:49:32.711954 [debug] [MainThread]: Sending event: {'category': 'dbt', 'action': 'invocation', 'label': 'end', 'context': [<snowplow_tracker.self_describing_json.SelfDescribingJson object at 0x11c5eef10>, <snowplow_tracker.self_describing_json.SelfDescribingJson object at 0x11c664150>, <snowplow_tracker.self_describing_json.SelfDescribingJson object at 0x105360e50>]}
[0m13:49:32.712120 [debug] [MainThread]: Flushing usage events
[0m13:49:57.022867 [debug] [MainThread]: Sending event: {'category': 'dbt', 'action': 'invocation', 'label': 'start', 'context': [<snowplow_tracker.self_describing_json.SelfDescribingJson object at 0x10873b850>, <snowplow_tracker.self_describing_json.SelfDescribingJson object at 0x1087b0810>, <snowplow_tracker.self_describing_json.SelfDescribingJson object at 0x1087d5b10>]}


============================== 13:49:57.024749 | 86466dc5-01d2-4117-837e-c294b76d05e4 ==============================
[0m13:49:57.024749 [info ] [MainThread]: Running with dbt=1.8.7
[0m13:49:57.025040 [debug] [MainThread]: running dbt with arguments {'printer_width': '80', 'indirect_selection': 'eager', 'log_cache_events': 'False', 'write_json': 'True', 'partial_parse': 'True', 'cache_selected_only': 'False', 'warn_error': 'None', 'version_check': 'True', 'debug': 'False', 'log_path': '/Users/liamtabibzadeh/Documents/hobby/SummaryAI/transform/ecommerce_metrics/logs', 'profiles_dir': '/Users/liamtabibzadeh/Documents/hobby/SummaryAI/transform/ecommerce_metrics', 'fail_fast': 'False', 'use_colors': 'True', 'use_experimental_parser': 'False', 'no_print': 'None', 'quiet': 'False', 'empty': 'False', 'log_format': 'default', 'invocation_command': 'dbt run --models new_user_registration_funnel', 'warn_error_options': 'WarnErrorOptions(include=[], exclude=[])', 'static_parser': 'True', 'target_path': 'None', 'introspect': 'True', 'send_anonymous_usage_stats': 'True'}
[0m13:49:57.875757 [debug] [MainThread]: Sending event: {'category': 'dbt', 'action': 'project_id', 'label': '86466dc5-01d2-4117-837e-c294b76d05e4', 'context': [<snowplow_tracker.self_describing_json.SelfDescribingJson object at 0x125594710>]}
[0m13:49:57.902694 [debug] [MainThread]: Sending event: {'category': 'dbt', 'action': 'adapter_info', 'label': '86466dc5-01d2-4117-837e-c294b76d05e4', 'context': [<snowplow_tracker.self_describing_json.SelfDescribingJson object at 0x106c1bf50>]}
[0m13:49:57.903046 [info ] [MainThread]: Registered adapter: bigquery=1.8.2
[0m13:49:57.926932 [debug] [MainThread]: checksum: 4af21dafb485259c48497ac86b711ddb1982f3d0f1c0ca4e09356de488b753c0, vars: {}, profile: , target: , version: 1.8.7
[0m13:49:57.980237 [info ] [MainThread]: Unable to do partial parsing because config vars, config profile, or config target have changed
[0m13:49:57.980513 [debug] [MainThread]: previous checksum: 4af21dafb485259c48497ac86b711ddb1982f3d0f1c0ca4e09356de488b753c0, current checksum: b72588a61004764de5b9a5a46159da2d5d1870e817a9a65ee379ab1be9083c25
[0m13:49:57.980655 [info ] [MainThread]: Unable to do partial parsing because profile has changed
[0m13:49:57.980814 [debug] [MainThread]: Sending event: {'category': 'dbt', 'action': 'partial_parser', 'label': '86466dc5-01d2-4117-837e-c294b76d05e4', 'context': [<snowplow_tracker.self_describing_json.SelfDescribingJson object at 0x12557a9d0>]}
[0m13:49:58.452922 [warn ] [MainThread]: [[33mWARNING[0m]: Deprecated functionality
The `tests` config has been renamed to `data_tests`. Please see
https://docs.getdbt.com/docs/build/data-tests#new-data_tests-syntax for more
information.
[0m13:49:58.453214 [debug] [MainThread]: Sending event: {'category': 'dbt', 'action': 'deprecation', 'label': '86466dc5-01d2-4117-837e-c294b76d05e4', 'property_': 'warn', 'context': [<snowplow_tracker.self_describing_json.SelfDescribingJson object at 0x1259f1150>]}
[0m13:49:58.541714 [error] [MainThread]: Encountered an error:
Compilation Error
  Model 'model.ecommerce_metrics.new_user_registration_funnel' (models/new_user_registration_funnel.sql) depends on a source named 'ecommerce.events' which was not found
[0m13:49:58.542051 [debug] [MainThread]: Resource report: {"command_name": "run", "command_wall_clock_time": 1.5477513, "process_user_time": 2.751213, "process_kernel_time": 0.87242, "process_mem_max_rss": "240336896", "command_success": false, "process_in_blocks": "0", "process_out_blocks": "0"}
[0m13:49:58.542287 [debug] [MainThread]: Command `dbt run` failed at 13:49:58.542250 after 1.55 seconds
[0m13:49:58.542458 [debug] [MainThread]: Sending event: {'category': 'dbt', 'action': 'invocation', 'label': 'end', 'context': [<snowplow_tracker.self_describing_json.SelfDescribingJson object at 0x1087b0490>, <snowplow_tracker.self_describing_json.SelfDescribingJson object at 0x1087d58d0>, <snowplow_tracker.self_describing_json.SelfDescribingJson object at 0x1087d4e10>]}
[0m13:49:58.542616 [debug] [MainThread]: Flushing usage events
[0m13:50:23.746652 [debug] [MainThread]: Sending event: {'category': 'dbt', 'action': 'invocation', 'label': 'start', 'context': [<snowplow_tracker.self_describing_json.SelfDescribingJson object at 0x1021e0850>, <snowplow_tracker.self_describing_json.SelfDescribingJson object at 0x1048155d0>, <snowplow_tracker.self_describing_json.SelfDescribingJson object at 0x104815e90>]}


============================== 13:50:23.748814 | 17934e54-fdfc-4de4-b094-a9d7b4b6e028 ==============================
[0m13:50:23.748814 [info ] [MainThread]: Running with dbt=1.8.7
[0m13:50:23.749125 [debug] [MainThread]: running dbt with arguments {'printer_width': '80', 'indirect_selection': 'eager', 'log_cache_events': 'False', 'write_json': 'True', 'partial_parse': 'True', 'cache_selected_only': 'False', 'profiles_dir': '/Users/liamtabibzadeh/Documents/hobby/SummaryAI/transform/ecommerce_metrics', 'debug': 'False', 'warn_error': 'None', 'log_path': '/Users/liamtabibzadeh/Documents/hobby/SummaryAI/transform/ecommerce_metrics/logs', 'fail_fast': 'False', 'version_check': 'True', 'use_colors': 'True', 'use_experimental_parser': 'False', 'empty': 'False', 'quiet': 'False', 'no_print': 'None', 'log_format': 'default', 'introspect': 'True', 'invocation_command': 'dbt run --models new_user_registration_funnel', 'warn_error_options': 'WarnErrorOptions(include=[], exclude=[])', 'target_path': 'None', 'static_parser': 'True', 'send_anonymous_usage_stats': 'True'}
[0m13:50:24.412798 [debug] [MainThread]: Sending event: {'category': 'dbt', 'action': 'project_id', 'label': '17934e54-fdfc-4de4-b094-a9d7b4b6e028', 'context': [<snowplow_tracker.self_describing_json.SelfDescribingJson object at 0x12a26b4d0>]}
[0m13:50:24.439606 [debug] [MainThread]: Sending event: {'category': 'dbt', 'action': 'adapter_info', 'label': '17934e54-fdfc-4de4-b094-a9d7b4b6e028', 'context': [<snowplow_tracker.self_describing_json.SelfDescribingJson object at 0x102c5be90>]}
[0m13:50:24.439928 [info ] [MainThread]: Registered adapter: bigquery=1.8.2
[0m13:50:24.450136 [debug] [MainThread]: checksum: 4af21dafb485259c48497ac86b711ddb1982f3d0f1c0ca4e09356de488b753c0, vars: {}, profile: , target: , version: 1.8.7
[0m13:50:24.502683 [info ] [MainThread]: Unable to do partial parsing because config vars, config profile, or config target have changed
[0m13:50:24.502986 [debug] [MainThread]: previous checksum: 4af21dafb485259c48497ac86b711ddb1982f3d0f1c0ca4e09356de488b753c0, current checksum: b72588a61004764de5b9a5a46159da2d5d1870e817a9a65ee379ab1be9083c25
[0m13:50:24.503129 [info ] [MainThread]: Unable to do partial parsing because profile has changed
[0m13:50:24.503290 [debug] [MainThread]: Sending event: {'category': 'dbt', 'action': 'partial_parser', 'label': '17934e54-fdfc-4de4-b094-a9d7b4b6e028', 'context': [<snowplow_tracker.self_describing_json.SelfDescribingJson object at 0x1047be8d0>]}
[0m13:50:24.957254 [warn ] [MainThread]: [[33mWARNING[0m]: Deprecated functionality
The `tests` config has been renamed to `data_tests`. Please see
https://docs.getdbt.com/docs/build/data-tests#new-data_tests-syntax for more
information.
[0m13:50:24.957538 [debug] [MainThread]: Sending event: {'category': 'dbt', 'action': 'deprecation', 'label': '17934e54-fdfc-4de4-b094-a9d7b4b6e028', 'property_': 'warn', 'context': [<snowplow_tracker.self_describing_json.SelfDescribingJson object at 0x12a60ee50>]}
[0m13:50:25.093820 [debug] [MainThread]: Sending event: {'category': 'dbt', 'action': 'load_project', 'label': '17934e54-fdfc-4de4-b094-a9d7b4b6e028', 'context': [<snowplow_tracker.self_describing_json.SelfDescribingJson object at 0x12a5af890>]}
[0m13:50:25.139424 [debug] [MainThread]: Sending event: {'category': 'dbt', 'action': 'resource_counts', 'label': '17934e54-fdfc-4de4-b094-a9d7b4b6e028', 'context': [<snowplow_tracker.self_describing_json.SelfDescribingJson object at 0x12abd37d0>]}
[0m13:50:25.139700 [info ] [MainThread]: Found 11 models, 3 data tests, 2 sources, 479 macros
[0m13:50:25.139875 [debug] [MainThread]: Sending event: {'category': 'dbt', 'action': 'runnable_timing', 'label': '17934e54-fdfc-4de4-b094-a9d7b4b6e028', 'context': [<snowplow_tracker.self_describing_json.SelfDescribingJson object at 0x12a8e9610>]}
[0m13:50:25.140447 [info ] [MainThread]: 
[0m13:50:25.140683 [debug] [MainThread]: Acquiring new bigquery connection 'master'
[0m13:50:25.141081 [debug] [ThreadPool]: Acquiring new bigquery connection 'list_bigquery-public-data'
[0m13:50:25.141270 [debug] [ThreadPool]: Opening a new connection, currently in state init
[0m13:50:25.141460 [debug] [ThreadPool]: BigQuery adapter: Got an error when attempting to create a bigquery client: '[Errno 2] No such file or directory: '/Users/liamtabibzadeh/Documents/hobby/SummaryAI/transform/ecommerce_metrics/sa-key.json''
[0m13:50:25.141741 [debug] [MainThread]: Connection 'master' was properly closed.
[0m13:50:25.141865 [debug] [MainThread]: Connection 'list_bigquery-public-data' was properly closed.
[0m13:50:25.141995 [info ] [MainThread]: 
[0m13:50:25.142134 [info ] [MainThread]: Finished running  in 0 hours 0 minutes and 0.00 seconds (0.00s).
[0m13:50:25.142331 [error] [MainThread]: Encountered an error:
Database Error
  [Errno 2] No such file or directory: '/Users/liamtabibzadeh/Documents/hobby/SummaryAI/transform/ecommerce_metrics/sa-key.json'
[0m13:50:25.142532 [debug] [MainThread]: Resource report: {"command_name": "run", "command_wall_clock_time": 1.4256457, "process_user_time": 2.778468, "process_kernel_time": 1.004551, "process_mem_max_rss": "242614272", "command_success": false, "process_in_blocks": "0", "process_out_blocks": "0"}
[0m13:50:25.142749 [debug] [MainThread]: Command `dbt run` failed at 13:50:25.142716 after 1.43 seconds
[0m13:50:25.142902 [debug] [MainThread]: Sending event: {'category': 'dbt', 'action': 'invocation', 'label': 'end', 'context': [<snowplow_tracker.self_describing_json.SelfDescribingJson object at 0x104815ad0>, <snowplow_tracker.self_describing_json.SelfDescribingJson object at 0x12ab4cc90>, <snowplow_tracker.self_describing_json.SelfDescribingJson object at 0x104430910>]}
[0m13:50:25.143045 [debug] [MainThread]: Flushing usage events
[0m13:50:48.937922 [debug] [MainThread]: Sending event: {'category': 'dbt', 'action': 'invocation', 'label': 'start', 'context': [<snowplow_tracker.self_describing_json.SelfDescribingJson object at 0x10490e0d0>, <snowplow_tracker.self_describing_json.SelfDescribingJson object at 0x10499d750>, <snowplow_tracker.self_describing_json.SelfDescribingJson object at 0x10499e010>]}


============================== 13:50:48.939910 | bd1b3f4b-809f-4612-a4f4-e53b23461876 ==============================
[0m13:50:48.939910 [info ] [MainThread]: Running with dbt=1.8.7
[0m13:50:48.940213 [debug] [MainThread]: running dbt with arguments {'printer_width': '80', 'indirect_selection': 'eager', 'write_json': 'True', 'log_cache_events': 'False', 'partial_parse': 'True', 'cache_selected_only': 'False', 'profiles_dir': '/Users/liamtabibzadeh/Documents/hobby/SummaryAI/transform/ecommerce_metrics', 'fail_fast': 'False', 'version_check': 'True', 'log_path': '/Users/liamtabibzadeh/Documents/hobby/SummaryAI/transform/ecommerce_metrics/logs', 'debug': 'False', 'warn_error': 'None', 'use_colors': 'True', 'use_experimental_parser': 'False', 'no_print': 'None', 'quiet': 'False', 'empty': 'False', 'warn_error_options': 'WarnErrorOptions(include=[], exclude=[])', 'invocation_command': 'dbt run --models new_user_registration_funnel', 'static_parser': 'True', 'log_format': 'default', 'target_path': 'None', 'introspect': 'True', 'send_anonymous_usage_stats': 'True'}
[0m13:50:48.943155 [error] [MainThread]: Encountered an error:
Parsing Error
  Env var required but not provided: 'GOOGLE_APPLICATION_CREDENTIALS'
[0m13:50:48.943951 [debug] [MainThread]: Resource report: {"command_name": "run", "command_wall_clock_time": 0.037285917, "process_user_time": 0.509046, "process_kernel_time": 0.065007, "process_mem_max_rss": "95371264", "command_success": false, "process_in_blocks": "0", "process_out_blocks": "0"}
[0m13:50:48.944221 [debug] [MainThread]: Command `dbt run` failed at 13:50:48.944177 after 0.04 seconds
[0m13:50:48.944406 [debug] [MainThread]: Sending event: {'category': 'dbt', 'action': 'invocation', 'label': 'end', 'context': [<snowplow_tracker.self_describing_json.SelfDescribingJson object at 0x104903010>, <snowplow_tracker.self_describing_json.SelfDescribingJson object at 0x10499f410>, <snowplow_tracker.self_describing_json.SelfDescribingJson object at 0x10496e850>]}
[0m13:50:48.944570 [debug] [MainThread]: Flushing usage events
[0m13:50:54.151397 [debug] [MainThread]: Sending event: {'category': 'dbt', 'action': 'invocation', 'label': 'start', 'context': [<snowplow_tracker.self_describing_json.SelfDescribingJson object at 0x1082fac50>, <snowplow_tracker.self_describing_json.SelfDescribingJson object at 0x108395650>, <snowplow_tracker.self_describing_json.SelfDescribingJson object at 0x108396510>]}


============================== 13:50:54.153480 | 9e8ee421-3e07-4983-94e3-9f87d9929128 ==============================
[0m13:50:54.153480 [info ] [MainThread]: Running with dbt=1.8.7
[0m13:50:54.153781 [debug] [MainThread]: running dbt with arguments {'printer_width': '80', 'indirect_selection': 'eager', 'log_cache_events': 'False', 'write_json': 'True', 'partial_parse': 'True', 'cache_selected_only': 'False', 'profiles_dir': '/Users/liamtabibzadeh/Documents/hobby/SummaryAI/transform/ecommerce_metrics', 'fail_fast': 'False', 'debug': 'False', 'log_path': '/Users/liamtabibzadeh/Documents/hobby/SummaryAI/transform/ecommerce_metrics/logs', 'version_check': 'True', 'warn_error': 'None', 'use_colors': 'True', 'use_experimental_parser': 'False', 'no_print': 'None', 'quiet': 'False', 'empty': 'False', 'warn_error_options': 'WarnErrorOptions(include=[], exclude=[])', 'static_parser': 'True', 'invocation_command': 'dbt compile --models new_user_registration_funnel', 'introspect': 'True', 'target_path': 'None', 'log_format': 'default', 'send_anonymous_usage_stats': 'True'}
[0m13:50:54.156120 [error] [MainThread]: Encountered an error:
Parsing Error
  Env var required but not provided: 'GCP_PROJECT'
[0m13:50:54.156850 [debug] [MainThread]: Resource report: {"command_name": "compile", "command_wall_clock_time": 0.046887625, "process_user_time": 0.511254, "process_kernel_time": 0.068542, "process_mem_max_rss": "95911936", "command_success": false, "process_in_blocks": "0", "process_out_blocks": "0"}
[0m13:50:54.157129 [debug] [MainThread]: Command `dbt compile` failed at 13:50:54.157086 after 0.05 seconds
[0m13:50:54.157311 [debug] [MainThread]: Sending event: {'category': 'dbt', 'action': 'invocation', 'label': 'end', 'context': [<snowplow_tracker.self_describing_json.SelfDescribingJson object at 0x1082fae90>, <snowplow_tracker.self_describing_json.SelfDescribingJson object at 0x108370150>, <snowplow_tracker.self_describing_json.SelfDescribingJson object at 0x108366850>]}
[0m13:50:54.157480 [debug] [MainThread]: Flushing usage events
[0m13:51:00.685819 [debug] [MainThread]: Sending event: {'category': 'dbt', 'action': 'invocation', 'label': 'start', 'context': [<snowplow_tracker.self_describing_json.SelfDescribingJson object at 0x104fbb150>, <snowplow_tracker.self_describing_json.SelfDescribingJson object at 0x105055590>, <snowplow_tracker.self_describing_json.SelfDescribingJson object at 0x104fc64d0>]}


============================== 13:51:00.687832 | f083ada1-619f-408a-b553-60ce4cb71b5a ==============================
[0m13:51:00.687832 [info ] [MainThread]: Running with dbt=1.8.7
[0m13:51:00.688125 [debug] [MainThread]: running dbt with arguments {'printer_width': '80', 'indirect_selection': 'eager', 'write_json': 'True', 'log_cache_events': 'False', 'partial_parse': 'True', 'cache_selected_only': 'False', 'profiles_dir': '/Users/liamtabibzadeh/Documents/hobby/SummaryAI/transform/ecommerce_metrics', 'debug': 'False', 'fail_fast': 'False', 'log_path': '/Users/liamtabibzadeh/Documents/hobby/SummaryAI/transform/ecommerce_metrics/logs', 'warn_error': 'None', 'version_check': 'True', 'use_colors': 'True', 'use_experimental_parser': 'False', 'no_print': 'None', 'quiet': 'False', 'empty': 'False', 'warn_error_options': 'WarnErrorOptions(include=[], exclude=[])', 'introspect': 'True', 'log_format': 'default', 'static_parser': 'True', 'target_path': 'None', 'invocation_command': 'dbt compile --models new_user_registration_funnel', 'send_anonymous_usage_stats': 'True'}
[0m13:51:01.353977 [debug] [MainThread]: Sending event: {'category': 'dbt', 'action': 'project_id', 'label': 'f083ada1-619f-408a-b553-60ce4cb71b5a', 'context': [<snowplow_tracker.self_describing_json.SelfDescribingJson object at 0x122253d10>]}
[0m13:51:01.380637 [debug] [MainThread]: Sending event: {'category': 'dbt', 'action': 'adapter_info', 'label': 'f083ada1-619f-408a-b553-60ce4cb71b5a', 'context': [<snowplow_tracker.self_describing_json.SelfDescribingJson object at 0x103497d10>]}
[0m13:51:01.380952 [info ] [MainThread]: Registered adapter: bigquery=1.8.2
[0m13:51:01.391414 [debug] [MainThread]: checksum: 4af21dafb485259c48497ac86b711ddb1982f3d0f1c0ca4e09356de488b753c0, vars: {}, profile: , target: , version: 1.8.7
[0m13:51:01.454442 [debug] [MainThread]: Partial parsing enabled: 0 files deleted, 0 files added, 0 files changed.
[0m13:51:01.454674 [debug] [MainThread]: Partial parsing enabled, no changes found, skipping parsing
[0m13:51:01.473580 [debug] [MainThread]: Sending event: {'category': 'dbt', 'action': 'load_project', 'label': 'f083ada1-619f-408a-b553-60ce4cb71b5a', 'context': [<snowplow_tracker.self_describing_json.SelfDescribingJson object at 0x1224f4550>]}
[0m13:51:01.561194 [debug] [MainThread]: Sending event: {'category': 'dbt', 'action': 'resource_counts', 'label': 'f083ada1-619f-408a-b553-60ce4cb71b5a', 'context': [<snowplow_tracker.self_describing_json.SelfDescribingJson object at 0x121151dd0>]}
[0m13:51:01.561498 [info ] [MainThread]: Found 11 models, 3 data tests, 2 sources, 479 macros
[0m13:51:01.561680 [debug] [MainThread]: Sending event: {'category': 'dbt', 'action': 'runnable_timing', 'label': 'f083ada1-619f-408a-b553-60ce4cb71b5a', 'context': [<snowplow_tracker.self_describing_json.SelfDescribingJson object at 0x12237ce90>]}
[0m13:51:01.562291 [info ] [MainThread]: 
[0m13:51:01.562555 [debug] [MainThread]: Acquiring new bigquery connection 'master'
[0m13:51:01.564444 [debug] [ThreadPool]: Acquiring new bigquery connection 'list_bigquery-public-data_ecommerce_analytics'
[0m13:51:01.564630 [debug] [ThreadPool]: Opening a new connection, currently in state init
[0m13:51:01.564850 [debug] [ThreadPool]: BigQuery adapter: Got an error when attempting to create a bigquery client: 'Expecting value: line 1 column 1 (char 0)'
[0m13:51:01.565145 [debug] [MainThread]: Connection 'master' was properly closed.
[0m13:51:01.565281 [debug] [MainThread]: Connection 'list_bigquery-public-data_ecommerce_analytics' was properly closed.
[0m13:51:01.565955 [error] [MainThread]: Encountered an error:
Database Error
  Expecting value: line 1 column 1 (char 0)
[0m13:51:01.566177 [debug] [MainThread]: Resource report: {"command_name": "compile", "command_wall_clock_time": 0.910301, "process_user_time": 2.559443, "process_kernel_time": 0.692836, "process_mem_max_rss": "232849408", "command_success": false, "process_in_blocks": "0", "process_out_blocks": "0"}
[0m13:51:01.566406 [debug] [MainThread]: Command `dbt compile` failed at 13:51:01.566372 after 0.91 seconds
[0m13:51:01.566567 [debug] [MainThread]: Sending event: {'category': 'dbt', 'action': 'invocation', 'label': 'end', 'context': [<snowplow_tracker.self_describing_json.SelfDescribingJson object at 0x101544e10>, <snowplow_tracker.self_describing_json.SelfDescribingJson object at 0x101545dd0>, <snowplow_tracker.self_describing_json.SelfDescribingJson object at 0x1223f0410>]}
[0m13:51:01.566705 [debug] [MainThread]: Flushing usage events
[0m13:52:33.311443 [debug] [MainThread]: Sending event: {'category': 'dbt', 'action': 'invocation', 'label': 'start', 'context': [<snowplow_tracker.self_describing_json.SelfDescribingJson object at 0x106412c50>, <snowplow_tracker.self_describing_json.SelfDescribingJson object at 0x106471ed0>, <snowplow_tracker.self_describing_json.SelfDescribingJson object at 0x1064a1bd0>]}


============================== 13:52:33.313320 | be32b1f7-066e-4c86-81ee-140741788584 ==============================
[0m13:52:33.313320 [info ] [MainThread]: Running with dbt=1.8.7
[0m13:52:33.313611 [debug] [MainThread]: running dbt with arguments {'printer_width': '80', 'indirect_selection': 'eager', 'log_cache_events': 'False', 'write_json': 'True', 'partial_parse': 'True', 'cache_selected_only': 'False', 'profiles_dir': '/Users/liamtabibzadeh/Documents/hobby/SummaryAI/transform/ecommerce_metrics', 'fail_fast': 'False', 'warn_error': 'None', 'log_path': '/Users/liamtabibzadeh/Documents/hobby/SummaryAI/transform/ecommerce_metrics/logs', 'debug': 'False', 'version_check': 'True', 'use_colors': 'True', 'use_experimental_parser': 'False', 'empty': 'False', 'quiet': 'False', 'no_print': 'None', 'log_format': 'default', 'static_parser': 'True', 'warn_error_options': 'WarnErrorOptions(include=[], exclude=[])', 'introspect': 'True', 'target_path': 'None', 'invocation_command': 'dbt run --models new_user_registration_funnel', 'send_anonymous_usage_stats': 'True'}
[0m13:52:33.316051 [error] [MainThread]: Encountered an error:
Parsing Error
  Env var required but not provided: 'GCP_PROJECT'
[0m13:52:33.316785 [debug] [MainThread]: Resource report: {"command_name": "run", "command_wall_clock_time": 0.03645571, "process_user_time": 0.507296, "process_kernel_time": 0.065765, "process_mem_max_rss": "94699520", "command_success": false, "process_in_blocks": "0", "process_out_blocks": "0"}
[0m13:52:33.317041 [debug] [MainThread]: Command `dbt run` failed at 13:52:33.316996 after 0.04 seconds
[0m13:52:33.317212 [debug] [MainThread]: Sending event: {'category': 'dbt', 'action': 'invocation', 'label': 'end', 'context': [<snowplow_tracker.self_describing_json.SelfDescribingJson object at 0x106406f10>, <snowplow_tracker.self_describing_json.SelfDescribingJson object at 0x1064a3090>, <snowplow_tracker.self_describing_json.SelfDescribingJson object at 0x102990e10>]}
[0m13:52:33.317394 [debug] [MainThread]: Flushing usage events
[0m16:36:33.844069 [debug] [MainThread]: Sending event: {'category': 'dbt', 'action': 'invocation', 'label': 'start', 'context': [<snowplow_tracker.self_describing_json.SelfDescribingJson object at 0x102a14ad0>, <snowplow_tracker.self_describing_json.SelfDescribingJson object at 0x1048c0d90>, <snowplow_tracker.self_describing_json.SelfDescribingJson object at 0x1048c16d0>]}


============================== 16:36:33.846723 | 2d23afd4-7781-4019-ae59-f5a202777035 ==============================
[0m16:36:33.846723 [info ] [MainThread]: Running with dbt=1.8.7
[0m16:36:33.847022 [debug] [MainThread]: running dbt with arguments {'printer_width': '80', 'indirect_selection': 'eager', 'log_cache_events': 'False', 'write_json': 'True', 'partial_parse': 'True', 'cache_selected_only': 'False', 'profiles_dir': '/Users/liamtabibzadeh/Documents/hobby/SummaryAI/transform/ecommerce_metrics', 'debug': 'False', 'warn_error': 'None', 'log_path': '/Users/liamtabibzadeh/Documents/hobby/SummaryAI/transform/ecommerce_metrics/logs', 'version_check': 'True', 'fail_fast': 'False', 'use_colors': 'True', 'use_experimental_parser': 'False', 'no_print': 'None', 'quiet': 'False', 'empty': 'False', 'warn_error_options': 'WarnErrorOptions(include=[], exclude=[])', 'introspect': 'True', 'log_format': 'default', 'invocation_command': 'dbt run --models funnel', 'target_path': 'None', 'static_parser': 'True', 'send_anonymous_usage_stats': 'True'}
[0m16:36:35.254031 [debug] [MainThread]: Sending event: {'category': 'dbt', 'action': 'project_id', 'label': '2d23afd4-7781-4019-ae59-f5a202777035', 'context': [<snowplow_tracker.self_describing_json.SelfDescribingJson object at 0x12c227910>]}
[0m16:36:35.280709 [debug] [MainThread]: Sending event: {'category': 'dbt', 'action': 'adapter_info', 'label': '2d23afd4-7781-4019-ae59-f5a202777035', 'context': [<snowplow_tracker.self_describing_json.SelfDescribingJson object at 0x102d14310>]}
[0m16:36:35.281022 [info ] [MainThread]: Registered adapter: bigquery=1.8.2
[0m16:36:35.291552 [debug] [MainThread]: checksum: 4af21dafb485259c48497ac86b711ddb1982f3d0f1c0ca4e09356de488b753c0, vars: {}, profile: , target: , version: 1.8.7
[0m16:36:35.368784 [debug] [MainThread]: Partial parsing enabled: 0 files deleted, 1 files added, 1 files changed.
[0m16:36:35.369067 [debug] [MainThread]: Partial parsing: added file: ecommerce_metrics://models/new_user_registration_funnel_corrected.sql
[0m16:36:35.369250 [debug] [MainThread]: Partial parsing: updated file: ecommerce_metrics://models/funnel.sql
[0m16:36:35.575521 [debug] [MainThread]: Sending event: {'category': 'dbt', 'action': 'load_project', 'label': '2d23afd4-7781-4019-ae59-f5a202777035', 'context': [<snowplow_tracker.self_describing_json.SelfDescribingJson object at 0x12b15b310>]}
[0m16:36:35.620468 [debug] [MainThread]: Sending event: {'category': 'dbt', 'action': 'resource_counts', 'label': '2d23afd4-7781-4019-ae59-f5a202777035', 'context': [<snowplow_tracker.self_describing_json.SelfDescribingJson object at 0x103095e50>]}
[0m16:36:35.620715 [info ] [MainThread]: Found 12 models, 3 data tests, 2 sources, 479 macros
[0m16:36:35.620878 [debug] [MainThread]: Sending event: {'category': 'dbt', 'action': 'runnable_timing', 'label': '2d23afd4-7781-4019-ae59-f5a202777035', 'context': [<snowplow_tracker.self_describing_json.SelfDescribingJson object at 0x12c2e7310>]}
[0m16:36:35.621412 [info ] [MainThread]: 
[0m16:36:35.621660 [debug] [MainThread]: Acquiring new bigquery connection 'master'
[0m16:36:35.622028 [debug] [ThreadPool]: Acquiring new bigquery connection 'list_bigquery-public-data'
[0m16:36:35.622208 [debug] [ThreadPool]: Opening a new connection, currently in state init
[0m16:36:35.622416 [debug] [ThreadPool]: BigQuery adapter: Got an error when attempting to create a bigquery client: 'Expecting value: line 1 column 1 (char 0)'
[0m16:36:35.622688 [debug] [MainThread]: Connection 'master' was properly closed.
[0m16:36:35.622808 [debug] [MainThread]: Connection 'list_bigquery-public-data' was properly closed.
[0m16:36:35.622921 [info ] [MainThread]: 
[0m16:36:35.623049 [info ] [MainThread]: Finished running  in 0 hours 0 minutes and 0.00 seconds (0.00s).
[0m16:36:35.623229 [error] [MainThread]: Encountered an error:
Database Error
  Expecting value: line 1 column 1 (char 0)
[0m16:36:35.623416 [debug] [MainThread]: Resource report: {"command_name": "run", "command_wall_clock_time": 1.8137554, "process_user_time": 2.946996, "process_kernel_time": 0.442452, "process_mem_max_rss": "236077056", "command_success": false, "process_in_blocks": "0", "process_out_blocks": "0"}
[0m16:36:35.623625 [debug] [MainThread]: Command `dbt run` failed at 16:36:35.623594 after 1.81 seconds
[0m16:36:35.623774 [debug] [MainThread]: Sending event: {'category': 'dbt', 'action': 'invocation', 'label': 'end', 'context': [<snowplow_tracker.self_describing_json.SelfDescribingJson object at 0x104893690>, <snowplow_tracker.self_describing_json.SelfDescribingJson object at 0x12c2f6890>, <snowplow_tracker.self_describing_json.SelfDescribingJson object at 0x1048c1d10>]}
[0m16:36:35.623907 [debug] [MainThread]: Flushing usage events
[0m20:56:34.795644 [debug] [MainThread]: Sending event: {'category': 'dbt', 'action': 'invocation', 'label': 'start', 'context': [<snowplow_tracker.self_describing_json.SelfDescribingJson object at 0x108b12dd0>, <snowplow_tracker.self_describing_json.SelfDescribingJson object at 0x108bad350>, <snowplow_tracker.self_describing_json.SelfDescribingJson object at 0x108badc50>]}


============================== 20:56:34.798093 | 68b6ffe5-4b9b-4948-8756-f6e6c84c8574 ==============================
[0m20:56:34.798093 [info ] [MainThread]: Running with dbt=1.8.7
[0m20:56:34.798436 [debug] [MainThread]: running dbt with arguments {'printer_width': '80', 'indirect_selection': 'eager', 'write_json': 'True', 'log_cache_events': 'False', 'partial_parse': 'True', 'cache_selected_only': 'False', 'warn_error': 'None', 'version_check': 'True', 'profiles_dir': '/Users/liamtabibzadeh/Documents/hobby/SummaryAI/transform/ecommerce_metrics', 'log_path': '/Users/liamtabibzadeh/Documents/hobby/SummaryAI/transform/ecommerce_metrics/logs', 'debug': 'False', 'fail_fast': 'False', 'use_colors': 'True', 'use_experimental_parser': 'False', 'no_print': 'None', 'quiet': 'False', 'empty': 'False', 'warn_error_options': 'WarnErrorOptions(include=[], exclude=[])', 'introspect': 'True', 'static_parser': 'True', 'invocation_command': 'dbt run --models retention', 'target_path': 'None', 'log_format': 'default', 'send_anonymous_usage_stats': 'True'}
[0m20:56:35.611847 [debug] [MainThread]: Sending event: {'category': 'dbt', 'action': 'project_id', 'label': '68b6ffe5-4b9b-4948-8756-f6e6c84c8574', 'context': [<snowplow_tracker.self_describing_json.SelfDescribingJson object at 0x108b62290>]}
[0m20:56:35.638553 [debug] [MainThread]: Sending event: {'category': 'dbt', 'action': 'adapter_info', 'label': '68b6ffe5-4b9b-4948-8756-f6e6c84c8574', 'context': [<snowplow_tracker.self_describing_json.SelfDescribingJson object at 0x107000590>]}
[0m20:56:35.638887 [info ] [MainThread]: Registered adapter: bigquery=1.8.2
[0m20:56:35.650906 [debug] [MainThread]: checksum: 4af21dafb485259c48497ac86b711ddb1982f3d0f1c0ca4e09356de488b753c0, vars: {}, profile: , target: , version: 1.8.7
[0m20:56:35.704021 [info ] [MainThread]: Unable to do partial parsing because profile has changed
[0m20:56:35.704308 [debug] [MainThread]: Sending event: {'category': 'dbt', 'action': 'partial_parser', 'label': '68b6ffe5-4b9b-4948-8756-f6e6c84c8574', 'context': [<snowplow_tracker.self_describing_json.SelfDescribingJson object at 0x107da6b10>]}
[0m20:56:36.184090 [warn ] [MainThread]: [[33mWARNING[0m]: Deprecated functionality
The `tests` config has been renamed to `data_tests`. Please see
https://docs.getdbt.com/docs/build/data-tests#new-data_tests-syntax for more
information.
[0m20:56:36.184368 [debug] [MainThread]: Sending event: {'category': 'dbt', 'action': 'deprecation', 'label': '68b6ffe5-4b9b-4948-8756-f6e6c84c8574', 'property_': 'warn', 'context': [<snowplow_tracker.self_describing_json.SelfDescribingJson object at 0x138ddc150>]}
[0m20:56:36.318843 [debug] [MainThread]: Sending event: {'category': 'dbt', 'action': 'load_project', 'label': '68b6ffe5-4b9b-4948-8756-f6e6c84c8574', 'context': [<snowplow_tracker.self_describing_json.SelfDescribingJson object at 0x138f4e6d0>]}
[0m20:56:36.364356 [debug] [MainThread]: Sending event: {'category': 'dbt', 'action': 'resource_counts', 'label': '68b6ffe5-4b9b-4948-8756-f6e6c84c8574', 'context': [<snowplow_tracker.self_describing_json.SelfDescribingJson object at 0x139350450>]}
[0m20:56:36.364609 [info ] [MainThread]: Found 12 models, 3 data tests, 2 sources, 479 macros
[0m20:56:36.364777 [debug] [MainThread]: Sending event: {'category': 'dbt', 'action': 'runnable_timing', 'label': '68b6ffe5-4b9b-4948-8756-f6e6c84c8574', 'context': [<snowplow_tracker.self_describing_json.SelfDescribingJson object at 0x1391d0390>]}
[0m20:56:36.365322 [info ] [MainThread]: 
[0m20:56:36.365555 [debug] [MainThread]: Acquiring new bigquery connection 'master'
[0m20:56:36.365911 [debug] [ThreadPool]: Acquiring new bigquery connection 'list_pipeline-466508'
[0m20:56:36.366096 [debug] [ThreadPool]: Opening a new connection, currently in state init
[0m20:56:36.803309 [debug] [ThreadPool]: Re-using an available connection from the pool (formerly list_pipeline-466508, now list_pipeline-466508_ecommerce_analytics)
[0m20:56:36.803970 [debug] [ThreadPool]: Opening a new connection, currently in state closed
[0m20:56:37.319819 [debug] [MainThread]: Sending event: {'category': 'dbt', 'action': 'runnable_timing', 'label': '68b6ffe5-4b9b-4948-8756-f6e6c84c8574', 'context': [<snowplow_tracker.self_describing_json.SelfDescribingJson object at 0x139359e90>]}
[0m20:56:37.320384 [info ] [MainThread]: Concurrency: 1 threads (target='dev')
[0m20:56:37.320681 [info ] [MainThread]: 
[0m20:56:37.323791 [debug] [Thread-1 (]: Began running node model.ecommerce_metrics.retention
[0m20:56:37.324261 [info ] [Thread-1 (]: 1 of 1 START sql table model ecommerce_analytics.retention ..................... [RUN]
[0m20:56:37.324655 [debug] [Thread-1 (]: Re-using an available connection from the pool (formerly list_pipeline-466508_ecommerce_analytics, now model.ecommerce_metrics.retention)
[0m20:56:37.324941 [debug] [Thread-1 (]: Began compiling node model.ecommerce_metrics.retention
[0m20:56:37.331591 [debug] [Thread-1 (]: Writing injected SQL for node "model.ecommerce_metrics.retention"
[0m20:56:37.333094 [debug] [Thread-1 (]: Began executing node model.ecommerce_metrics.retention
[0m20:56:37.342430 [debug] [Thread-1 (]: Opening a new connection, currently in state closed
[0m20:56:37.822189 [debug] [Thread-1 (]: Writing runtime sql for node "model.ecommerce_metrics.retention"
[0m20:56:37.823012 [debug] [Thread-1 (]: On model.ecommerce_metrics.retention: /* {"app": "dbt", "dbt_version": "1.8.7", "profile_name": "ecommerce_metrics", "target_name": "dev", "node_id": "model.ecommerce_metrics.retention"} */

  
    

    create or replace table `pipeline-466508`.`ecommerce_analytics`.`retention`
      
    
    

    OPTIONS()
    as (
      -- Monthly Cohort Retention Analysis
-- Shows retention rates for the 5 most recent cohorts

WITH cohort AS (
  SELECT 
    id AS user_id, 
    DATE_TRUNC(DATE(created_at), MONTH) AS cohort_month
  FROM `bigquery-public-data`.`thelook_ecommerce`.`users`
  WHERE DATE_TRUNC(DATE(created_at), MONTH) < DATE_TRUNC(CURRENT_DATE(), MONTH)
),

activity AS (
  SELECT DISTINCT 
    user_id, 
    DATE_TRUNC(DATE(created_at), MONTH) AS active_month
  FROM `bigquery-public-data`.`thelook_ecommerce`.`events`
),

-- Ensure all cohort members are counted as 100% retained in month 0
cohort_month_zero AS (
  SELECT 
    cohort_month,
    0 AS age_month,
    COUNT(*) AS active_users
  FROM cohort
  GROUP BY cohort_month
),

-- Calculate retention for months 1+
matrix_future AS (
  SELECT 
    c.cohort_month,
    DATE_DIFF(a.active_month, c.cohort_month, MONTH) AS age_month,
    COUNT(DISTINCT a.user_id) AS active_users
  FROM cohort c
  JOIN activity a USING (user_id)
  WHERE DATE_DIFF(a.active_month, c.cohort_month, MONTH) > 0
  GROUP BY c.cohort_month, age_month
),

-- Combine month 0 (100% retention) with future months
matrix AS (
  SELECT cohort_month, age_month, active_users FROM cohort_month_zero
  UNION ALL
  SELECT cohort_month, age_month, active_users FROM matrix_future
),

sizes AS (
  SELECT 
    cohort_month, 
    COUNT(*) AS cohort_size
  FROM cohort
  GROUP BY cohort_month
),

rates AS (
  SELECT 
    m.cohort_month, 
    m.age_month, 
    m.active_users, 
    s.cohort_size,
    SAFE_DIVIDE(m.active_users, s.cohort_size) AS retention_rate
  FROM matrix m
  JOIN sizes s USING (cohort_month)
),

ranked AS (
  SELECT 
    cohort_month, 
    cohort_size,
    DENSE_RANK() OVER (ORDER BY cohort_month DESC) AS rnk
  FROM sizes
)

SELECT
  r.cohort_month,
  CONCAT(
    CAST(EXTRACT(YEAR FROM r.cohort_month) AS STRING), 
    '-', 
    LPAD(CAST(EXTRACT(MONTH FROM r.cohort_month) AS STRING), 2, '0')
  ) AS cohort_label,
  rates.age_month,
  rates.retention_rate
FROM rates
JOIN ranked r USING (cohort_month)
WHERE r.rnk <= 5
  AND r.cohort_size >= 50  -- Filter small cohorts
ORDER BY cohort_month, age_month
    );
  
[0m20:56:38.343091 [debug] [Thread-1 (]: BigQuery adapter: https://console.cloud.google.com/bigquery?project=pipeline-466508&j=bq:US:d1c49248-7539-4949-9d63-c41588207fc4&page=queryresults
[0m20:56:43.231225 [debug] [Thread-1 (]: Sending event: {'category': 'dbt', 'action': 'run_model', 'label': '68b6ffe5-4b9b-4948-8756-f6e6c84c8574', 'context': [<snowplow_tracker.self_describing_json.SelfDescribingJson object at 0x1393d6010>]}
[0m20:56:43.231864 [info ] [Thread-1 (]: 1 of 1 OK created sql table model ecommerce_analytics.retention ................ [[32mCREATE TABLE (20.0 rows, 29.9 MiB processed)[0m in 5.91s]
[0m20:56:43.232357 [debug] [Thread-1 (]: Finished running node model.ecommerce_metrics.retention
[0m20:56:43.233273 [debug] [MainThread]: Connection 'master' was properly closed.
[0m20:56:43.233598 [debug] [MainThread]: Connection 'model.ecommerce_metrics.retention' was properly closed.
[0m20:56:43.233896 [info ] [MainThread]: 
[0m20:56:43.234163 [info ] [MainThread]: Finished running 1 table model in 0 hours 0 minutes and 6.87 seconds (6.87s).
[0m20:56:43.234664 [debug] [MainThread]: Command end result
[0m20:56:43.256599 [info ] [MainThread]: 
[0m20:56:43.256840 [info ] [MainThread]: [32mCompleted successfully[0m
[0m20:56:43.257010 [info ] [MainThread]: 
[0m20:56:43.257181 [info ] [MainThread]: Done. PASS=1 WARN=0 ERROR=0 SKIP=0 TOTAL=1
[0m20:56:43.257445 [debug] [MainThread]: Resource report: {"command_name": "run", "command_success": true, "command_wall_clock_time": 8.496474, "process_user_time": 3.046213, "process_kernel_time": 1.068927, "process_mem_max_rss": "246235136", "process_in_blocks": "0", "process_out_blocks": "0"}
[0m20:56:43.257732 [debug] [MainThread]: Command `dbt run` succeeded at 20:56:43.257690 after 8.50 seconds
[0m20:56:43.257941 [debug] [MainThread]: Sending event: {'category': 'dbt', 'action': 'invocation', 'label': 'end', 'context': [<snowplow_tracker.self_describing_json.SelfDescribingJson object at 0x10509d910>, <snowplow_tracker.self_describing_json.SelfDescribingJson object at 0x10509cdd0>, <snowplow_tracker.self_describing_json.SelfDescribingJson object at 0x10509de90>]}
[0m20:56:43.258132 [debug] [MainThread]: Flushing usage events
[0m21:05:31.053571 [debug] [MainThread]: Sending event: {'category': 'dbt', 'action': 'invocation', 'label': 'start', 'context': [<snowplow_tracker.self_describing_json.SelfDescribingJson object at 0x1088ef990>, <snowplow_tracker.self_describing_json.SelfDescribingJson object at 0x108989190>, <snowplow_tracker.self_describing_json.SelfDescribingJson object at 0x1088fa4d0>]}


============================== 21:05:31.056292 | 97a6579e-a126-4bee-9962-152554bfcad7 ==============================
[0m21:05:31.056292 [info ] [MainThread]: Running with dbt=1.8.7
[0m21:05:31.056641 [debug] [MainThread]: running dbt with arguments {'printer_width': '80', 'indirect_selection': 'eager', 'log_cache_events': 'False', 'write_json': 'True', 'partial_parse': 'True', 'cache_selected_only': 'False', 'profiles_dir': '/Users/liamtabibzadeh/Documents/hobby/SummaryAI/transform/ecommerce_metrics', 'debug': 'False', 'warn_error': 'None', 'log_path': '/Users/liamtabibzadeh/Documents/hobby/SummaryAI/transform/ecommerce_metrics/logs', 'fail_fast': 'False', 'version_check': 'True', 'use_colors': 'True', 'use_experimental_parser': 'False', 'no_print': 'None', 'quiet': 'False', 'empty': 'False', 'warn_error_options': 'WarnErrorOptions(include=[], exclude=[])', 'static_parser': 'True', 'introspect': 'True', 'invocation_command': 'dbt run --models retention', 'target_path': 'None', 'log_format': 'default', 'send_anonymous_usage_stats': 'True'}
[0m21:05:32.119932 [debug] [MainThread]: Sending event: {'category': 'dbt', 'action': 'project_id', 'label': '97a6579e-a126-4bee-9962-152554bfcad7', 'context': [<snowplow_tracker.self_describing_json.SelfDescribingJson object at 0x14a663910>]}
[0m21:05:32.146623 [debug] [MainThread]: Sending event: {'category': 'dbt', 'action': 'adapter_info', 'label': '97a6579e-a126-4bee-9962-152554bfcad7', 'context': [<snowplow_tracker.self_describing_json.SelfDescribingJson object at 0x14a6fd110>]}
[0m21:05:32.146946 [info ] [MainThread]: Registered adapter: bigquery=1.8.2
[0m21:05:32.158358 [debug] [MainThread]: checksum: 4af21dafb485259c48497ac86b711ddb1982f3d0f1c0ca4e09356de488b753c0, vars: {}, profile: , target: , version: 1.8.7
[0m21:05:32.236401 [debug] [MainThread]: Partial parsing enabled: 0 files deleted, 0 files added, 1 files changed.
[0m21:05:32.236747 [debug] [MainThread]: Partial parsing: updated file: ecommerce_metrics://models/retention.sql
[0m21:05:32.427618 [debug] [MainThread]: Sending event: {'category': 'dbt', 'action': 'load_project', 'label': '97a6579e-a126-4bee-9962-152554bfcad7', 'context': [<snowplow_tracker.self_describing_json.SelfDescribingJson object at 0x107b851d0>]}
[0m21:05:32.473943 [debug] [MainThread]: Sending event: {'category': 'dbt', 'action': 'resource_counts', 'label': '97a6579e-a126-4bee-9962-152554bfcad7', 'context': [<snowplow_tracker.self_describing_json.SelfDescribingJson object at 0x14abc1010>]}
[0m21:05:32.474216 [info ] [MainThread]: Found 12 models, 3 data tests, 2 sources, 479 macros
[0m21:05:32.474395 [debug] [MainThread]: Sending event: {'category': 'dbt', 'action': 'runnable_timing', 'label': '97a6579e-a126-4bee-9962-152554bfcad7', 'context': [<snowplow_tracker.self_describing_json.SelfDescribingJson object at 0x14ab8cf50>]}
[0m21:05:32.474936 [info ] [MainThread]: 
[0m21:05:32.475188 [debug] [MainThread]: Acquiring new bigquery connection 'master'
[0m21:05:32.475566 [debug] [ThreadPool]: Acquiring new bigquery connection 'list_pipeline-466508'
[0m21:05:32.475750 [debug] [ThreadPool]: Opening a new connection, currently in state init
[0m21:05:32.957380 [debug] [ThreadPool]: Re-using an available connection from the pool (formerly list_pipeline-466508, now list_pipeline-466508_ecommerce_analytics)
[0m21:05:32.957950 [debug] [ThreadPool]: Opening a new connection, currently in state closed
[0m21:05:33.389289 [debug] [MainThread]: Sending event: {'category': 'dbt', 'action': 'runnable_timing', 'label': '97a6579e-a126-4bee-9962-152554bfcad7', 'context': [<snowplow_tracker.self_describing_json.SelfDescribingJson object at 0x14ab8cf50>]}
[0m21:05:33.389871 [info ] [MainThread]: Concurrency: 1 threads (target='dev')
[0m21:05:33.390209 [info ] [MainThread]: 
[0m21:05:33.392420 [debug] [Thread-1 (]: Began running node model.ecommerce_metrics.retention
[0m21:05:33.392736 [info ] [Thread-1 (]: 1 of 1 START sql table model ecommerce_analytics.retention ..................... [RUN]
[0m21:05:33.393005 [debug] [Thread-1 (]: Re-using an available connection from the pool (formerly list_pipeline-466508_ecommerce_analytics, now model.ecommerce_metrics.retention)
[0m21:05:33.393205 [debug] [Thread-1 (]: Began compiling node model.ecommerce_metrics.retention
[0m21:05:33.398818 [debug] [Thread-1 (]: Writing injected SQL for node "model.ecommerce_metrics.retention"
[0m21:05:33.399740 [debug] [Thread-1 (]: Began executing node model.ecommerce_metrics.retention
[0m21:05:33.407267 [debug] [Thread-1 (]: Opening a new connection, currently in state closed
[0m21:05:33.823530 [debug] [Thread-1 (]: Writing runtime sql for node "model.ecommerce_metrics.retention"
[0m21:05:33.824609 [debug] [Thread-1 (]: On model.ecommerce_metrics.retention: /* {"app": "dbt", "dbt_version": "1.8.7", "profile_name": "ecommerce_metrics", "target_name": "dev", "node_id": "model.ecommerce_metrics.retention"} */

  
    

    create or replace table `pipeline-466508`.`ecommerce_analytics`.`retention`
      
    
    

    OPTIONS()
    as (
      -- Monthly Cohort Retention Analysis
-- Shows retention rates for the 5 most recent cohorts

WITH cohort AS (
  SELECT 
    id AS user_id, 
    DATE_TRUNC(DATE(created_at), MONTH) AS cohort_month
  FROM `bigquery-public-data`.`thelook_ecommerce`.`users`
  WHERE DATE_TRUNC(DATE(created_at), MONTH) < DATE_TRUNC(CURRENT_DATE(), MONTH)
),

activity AS (
  SELECT DISTINCT 
    user_id, 
    DATE_TRUNC(DATE(created_at), MONTH) AS active_month
  FROM `bigquery-public-data`.`thelook_ecommerce`.`events`
),

-- Ensure all cohort members are counted as 100% retained in month 0
cohort_month_zero AS (
  SELECT 
    cohort_month,
    0 AS age_month,
    COUNT(*) AS active_users
  FROM cohort
  GROUP BY cohort_month
),

-- Calculate retention for months 1+
matrix_future AS (
  SELECT 
    c.cohort_month,
    DATE_DIFF(a.active_month, c.cohort_month, MONTH) AS age_month,
    COUNT(DISTINCT a.user_id) AS active_users
  FROM cohort c
  JOIN activity a USING (user_id)
  WHERE DATE_DIFF(a.active_month, c.cohort_month, MONTH) > 0
  GROUP BY c.cohort_month, age_month
),

-- Combine month 0 (100% retention) with future months
matrix AS (
  SELECT cohort_month, age_month, active_users FROM cohort_month_zero
  UNION ALL
  SELECT cohort_month, age_month, active_users FROM matrix_future
),

sizes AS (
  SELECT 
    cohort_month, 
    COUNT(*) AS cohort_size
  FROM cohort
  GROUP BY cohort_month
),

rates AS (
  SELECT 
    m.cohort_month, 
    m.age_month, 
    m.active_users, 
    s.cohort_size,
    SAFE_DIVIDE(m.active_users, s.cohort_size) AS retention_rate
  FROM matrix m
  JOIN sizes s USING (cohort_month)
),

ranked AS (
  SELECT 
    cohort_month, 
    cohort_size,
    DENSE_RANK() OVER (ORDER BY cohort_month DESC) AS rnk
  FROM sizes
)

SELECT
  r.cohort_month,
  CONCAT(
    CAST(EXTRACT(YEAR FROM r.cohort_month) AS STRING), 
    '-', 
    LPAD(CAST(EXTRACT(MONTH FROM r.cohort_month) AS STRING), 2, '0')
  ) AS cohort_label,
  rates.age_month,
  rates.retention_rate
FROM rates
JOIN ranked r USING (cohort_month)
WHERE r.rnk <= 4
  AND r.cohort_size >= 50  -- Filter small cohorts
  AND rates.age_month <= 4  -- Limit to 0-4 months
ORDER BY cohort_month, age_month
    );
  
[0m21:05:34.347142 [debug] [Thread-1 (]: BigQuery adapter: https://console.cloud.google.com/bigquery?project=pipeline-466508&j=bq:US:a7c40f4c-cfbb-4102-856b-37163fa8b799&page=queryresults
[0m21:05:40.276893 [debug] [Thread-1 (]: Sending event: {'category': 'dbt', 'action': 'run_model', 'label': '97a6579e-a126-4bee-9962-152554bfcad7', 'context': [<snowplow_tracker.self_describing_json.SelfDescribingJson object at 0x14a6c3210>]}
[0m21:05:40.277353 [info ] [Thread-1 (]: 1 of 1 OK created sql table model ecommerce_analytics.retention ................ [[32mCREATE TABLE (14.0 rows, 29.9 MiB processed)[0m in 6.88s]
[0m21:05:40.277710 [debug] [Thread-1 (]: Finished running node model.ecommerce_metrics.retention
[0m21:05:40.278403 [debug] [MainThread]: Connection 'master' was properly closed.
[0m21:05:40.278570 [debug] [MainThread]: Connection 'model.ecommerce_metrics.retention' was properly closed.
[0m21:05:40.278733 [info ] [MainThread]: 
[0m21:05:40.278897 [info ] [MainThread]: Finished running 1 table model in 0 hours 0 minutes and 7.80 seconds (7.80s).
[0m21:05:40.279215 [debug] [MainThread]: Command end result
[0m21:05:40.295826 [info ] [MainThread]: 
[0m21:05:40.296052 [info ] [MainThread]: [32mCompleted successfully[0m
[0m21:05:40.296192 [info ] [MainThread]: 
[0m21:05:40.296341 [info ] [MainThread]: Done. PASS=1 WARN=0 ERROR=0 SKIP=0 TOTAL=1
[0m21:05:40.296570 [debug] [MainThread]: Resource report: {"command_name": "run", "command_success": true, "command_wall_clock_time": 9.27327, "process_user_time": 3.238503, "process_kernel_time": 0.451896, "process_mem_max_rss": "240091136", "process_in_blocks": "0", "process_out_blocks": "0"}
[0m21:05:40.296817 [debug] [MainThread]: Command `dbt run` succeeded at 21:05:40.296779 after 9.27 seconds
[0m21:05:40.296997 [debug] [MainThread]: Sending event: {'category': 'dbt', 'action': 'invocation', 'label': 'end', 'context': [<snowplow_tracker.self_describing_json.SelfDescribingJson object at 0x1085a9390>, <snowplow_tracker.self_describing_json.SelfDescribingJson object at 0x1086a4190>, <snowplow_tracker.self_describing_json.SelfDescribingJson object at 0x1084e83d0>]}
[0m21:05:40.297161 [debug] [MainThread]: Flushing usage events
[0m21:16:05.902813 [debug] [MainThread]: Sending event: {'category': 'dbt', 'action': 'invocation', 'label': 'start', 'context': [<snowplow_tracker.self_describing_json.SelfDescribingJson object at 0x104dfba50>, <snowplow_tracker.self_describing_json.SelfDescribingJson object at 0x104e893d0>, <snowplow_tracker.self_describing_json.SelfDescribingJson object at 0x104e89d10>]}


============================== 21:16:05.905505 | 803077d8-1dda-45e1-960f-3b8f5262c396 ==============================
[0m21:16:05.905505 [info ] [MainThread]: Running with dbt=1.8.7
[0m21:16:05.905792 [debug] [MainThread]: running dbt with arguments {'printer_width': '80', 'indirect_selection': 'eager', 'log_cache_events': 'False', 'write_json': 'True', 'partial_parse': 'True', 'cache_selected_only': 'False', 'profiles_dir': '/Users/liamtabibzadeh/Documents/hobby/SummaryAI/transform/ecommerce_metrics', 'fail_fast': 'False', 'debug': 'False', 'log_path': '/Users/liamtabibzadeh/Documents/hobby/SummaryAI/transform/ecommerce_metrics/logs', 'warn_error': 'None', 'version_check': 'True', 'use_colors': 'True', 'use_experimental_parser': 'False', 'no_print': 'None', 'quiet': 'False', 'empty': 'False', 'log_format': 'default', 'static_parser': 'True', 'warn_error_options': 'WarnErrorOptions(include=[], exclude=[])', 'introspect': 'True', 'target_path': 'None', 'invocation_command': 'dbt run --models retention', 'send_anonymous_usage_stats': 'True'}
[0m21:16:07.119360 [debug] [MainThread]: Sending event: {'category': 'dbt', 'action': 'project_id', 'label': '803077d8-1dda-45e1-960f-3b8f5262c396', 'context': [<snowplow_tracker.self_describing_json.SelfDescribingJson object at 0x1561458d0>]}
[0m21:16:07.146107 [debug] [MainThread]: Sending event: {'category': 'dbt', 'action': 'adapter_info', 'label': '803077d8-1dda-45e1-960f-3b8f5262c396', 'context': [<snowplow_tracker.self_describing_json.SelfDescribingJson object at 0x102cfc810>]}
[0m21:16:07.146429 [info ] [MainThread]: Registered adapter: bigquery=1.8.2
[0m21:16:07.157436 [debug] [MainThread]: checksum: 4af21dafb485259c48497ac86b711ddb1982f3d0f1c0ca4e09356de488b753c0, vars: {}, profile: , target: , version: 1.8.7
[0m21:16:07.236081 [debug] [MainThread]: Partial parsing enabled: 3 files deleted, 0 files added, 1 files changed.
[0m21:16:07.236339 [debug] [MainThread]: Partial parsing: deleted file: ecommerce_metrics://models/new_user_registration_funnel.sql
[0m21:16:07.236475 [debug] [MainThread]: Partial parsing: deleted file: ecommerce_metrics://models/new_user_registration_funnel_corrected.sql
[0m21:16:07.236593 [debug] [MainThread]: Partial parsing: deleted file: ecommerce_metrics://models/mau_quarterly.sql
[0m21:16:07.236777 [debug] [MainThread]: Partial parsing: updated file: ecommerce_metrics://models/retention.sql
[0m21:16:07.433342 [debug] [MainThread]: Sending event: {'category': 'dbt', 'action': 'load_project', 'label': '803077d8-1dda-45e1-960f-3b8f5262c396', 'context': [<snowplow_tracker.self_describing_json.SelfDescribingJson object at 0x1566fe1d0>]}
[0m21:16:07.479031 [debug] [MainThread]: Sending event: {'category': 'dbt', 'action': 'resource_counts', 'label': '803077d8-1dda-45e1-960f-3b8f5262c396', 'context': [<snowplow_tracker.self_describing_json.SelfDescribingJson object at 0x15714e850>]}
[0m21:16:07.479305 [info ] [MainThread]: Found 9 models, 3 data tests, 2 sources, 479 macros
[0m21:16:07.479473 [debug] [MainThread]: Sending event: {'category': 'dbt', 'action': 'runnable_timing', 'label': '803077d8-1dda-45e1-960f-3b8f5262c396', 'context': [<snowplow_tracker.self_describing_json.SelfDescribingJson object at 0x156676e50>]}
[0m21:16:07.480008 [info ] [MainThread]: 
[0m21:16:07.480249 [debug] [MainThread]: Acquiring new bigquery connection 'master'
[0m21:16:07.480626 [debug] [ThreadPool]: Acquiring new bigquery connection 'list_pipeline-466508'
[0m21:16:07.480809 [debug] [ThreadPool]: Opening a new connection, currently in state init
[0m21:16:07.979584 [debug] [ThreadPool]: Re-using an available connection from the pool (formerly list_pipeline-466508, now list_pipeline-466508_ecommerce_analytics)
[0m21:16:07.980650 [debug] [ThreadPool]: Opening a new connection, currently in state closed
[0m21:16:08.486581 [debug] [MainThread]: Sending event: {'category': 'dbt', 'action': 'runnable_timing', 'label': '803077d8-1dda-45e1-960f-3b8f5262c396', 'context': [<snowplow_tracker.self_describing_json.SelfDescribingJson object at 0x1572d3510>]}
[0m21:16:08.487528 [info ] [MainThread]: Concurrency: 1 threads (target='dev')
[0m21:16:08.487967 [info ] [MainThread]: 
[0m21:16:08.491684 [debug] [Thread-1 (]: Began running node model.ecommerce_metrics.retention
[0m21:16:08.492428 [info ] [Thread-1 (]: 1 of 1 START sql table model ecommerce_analytics.retention ..................... [RUN]
[0m21:16:08.493035 [debug] [Thread-1 (]: Re-using an available connection from the pool (formerly list_pipeline-466508_ecommerce_analytics, now model.ecommerce_metrics.retention)
[0m21:16:08.493481 [debug] [Thread-1 (]: Began compiling node model.ecommerce_metrics.retention
[0m21:16:08.502038 [debug] [Thread-1 (]: Writing injected SQL for node "model.ecommerce_metrics.retention"
[0m21:16:08.503534 [debug] [Thread-1 (]: Began executing node model.ecommerce_metrics.retention
[0m21:16:08.516823 [debug] [Thread-1 (]: Opening a new connection, currently in state closed
[0m21:16:09.003208 [debug] [Thread-1 (]: Writing runtime sql for node "model.ecommerce_metrics.retention"
[0m21:16:09.003934 [debug] [Thread-1 (]: On model.ecommerce_metrics.retention: /* {"app": "dbt", "dbt_version": "1.8.7", "profile_name": "ecommerce_metrics", "target_name": "dev", "node_id": "model.ecommerce_metrics.retention"} */

  
    

    create or replace table `pipeline-466508`.`ecommerce_analytics`.`retention`
      
    
    

    OPTIONS()
    as (
      -- Monthly Cohort Retention Analysis
-- Shows retention rates for the 5 most recent cohorts

WITH cohort AS (
  SELECT 
    id AS user_id, 
    DATE_TRUNC(DATE(created_at), MONTH) AS cohort_month
  FROM `bigquery-public-data`.`thelook_ecommerce`.`users`
  WHERE DATE_TRUNC(DATE(created_at), MONTH) < DATE_TRUNC(CURRENT_DATE(), MONTH)
),

activity AS (
  SELECT DISTINCT 
    user_id, 
    DATE_TRUNC(DATE(created_at), MONTH) AS active_month
  FROM `bigquery-public-data`.`thelook_ecommerce`.`events`
),

-- Ensure all cohort members are counted as 100% retained in month 0
cohort_month_zero AS (
  SELECT 
    cohort_month,
    0 AS age_month,
    COUNT(*) AS active_users
  FROM cohort
  GROUP BY cohort_month
),

-- Calculate retention for months 1+
matrix_future AS (
  SELECT 
    c.cohort_month,
    DATE_DIFF(a.active_month, c.cohort_month, MONTH) AS age_month,
    COUNT(DISTINCT a.user_id) AS active_users
  FROM cohort c
  JOIN activity a USING (user_id)
  WHERE DATE_DIFF(a.active_month, c.cohort_month, MONTH) > 0
  GROUP BY c.cohort_month, age_month
),

-- Combine month 0 (100% retention) with future months
matrix AS (
  SELECT cohort_month, age_month, active_users FROM cohort_month_zero
  UNION ALL
  SELECT cohort_month, age_month, active_users FROM matrix_future
),

sizes AS (
  SELECT 
    cohort_month, 
    COUNT(*) AS cohort_size
  FROM cohort
  GROUP BY cohort_month
),

rates AS (
  SELECT 
    m.cohort_month, 
    m.age_month, 
    m.active_users, 
    s.cohort_size,
    SAFE_DIVIDE(m.active_users, s.cohort_size) AS retention_rate
  FROM matrix m
  JOIN sizes s USING (cohort_month)
),

ranked AS (
  SELECT 
    cohort_month, 
    cohort_size,
    DENSE_RANK() OVER (ORDER BY cohort_month DESC) AS rnk
  FROM sizes
)

SELECT
  r.cohort_month,
  CONCAT(
    CAST(EXTRACT(YEAR FROM r.cohort_month) AS STRING), 
    '-', 
    LPAD(CAST(EXTRACT(MONTH FROM r.cohort_month) AS STRING), 2, '0')
  ) AS cohort_label,
  rates.age_month,
  rates.retention_rate
FROM rates
JOIN ranked r USING (cohort_month)
WHERE r.rnk <= 4
  AND r.cohort_size >= 50  -- Filter small cohorts
  AND rates.age_month < 4  -- Limit to 0-3 months (4 data points)
ORDER BY cohort_month, age_month
    );
  
[0m21:16:09.690408 [debug] [Thread-1 (]: BigQuery adapter: https://console.cloud.google.com/bigquery?project=pipeline-466508&j=bq:US:aed1bcd0-fced-433c-8409-876690033f71&page=queryresults
[0m21:16:14.663458 [debug] [Thread-1 (]: Sending event: {'category': 'dbt', 'action': 'run_model', 'label': '803077d8-1dda-45e1-960f-3b8f5262c396', 'context': [<snowplow_tracker.self_describing_json.SelfDescribingJson object at 0x1573e8dd0>]}
[0m21:16:14.664558 [info ] [Thread-1 (]: 1 of 1 OK created sql table model ecommerce_analytics.retention ................ [[32mCREATE TABLE (13.0 rows, 29.9 MiB processed)[0m in 6.17s]
[0m21:16:14.665347 [debug] [Thread-1 (]: Finished running node model.ecommerce_metrics.retention
[0m21:16:14.666716 [debug] [MainThread]: Connection 'master' was properly closed.
[0m21:16:14.667100 [debug] [MainThread]: Connection 'model.ecommerce_metrics.retention' was properly closed.
[0m21:16:14.667441 [info ] [MainThread]: 
[0m21:16:14.667768 [info ] [MainThread]: Finished running 1 table model in 0 hours 0 minutes and 7.19 seconds (7.19s).
[0m21:16:14.668366 [debug] [MainThread]: Command end result
[0m21:16:14.693514 [info ] [MainThread]: 
[0m21:16:14.693810 [info ] [MainThread]: [32mCompleted successfully[0m
[0m21:16:14.694012 [info ] [MainThread]: 
[0m21:16:14.694211 [info ] [MainThread]: Done. PASS=1 WARN=0 ERROR=0 SKIP=0 TOTAL=1
[0m21:16:14.694515 [debug] [MainThread]: Resource report: {"command_name": "run", "command_success": true, "command_wall_clock_time": 8.823973, "process_user_time": 3.386934, "process_kernel_time": 0.531969, "process_mem_max_rss": "240828416", "process_in_blocks": "0", "process_out_blocks": "0"}
[0m21:16:14.694837 [debug] [MainThread]: Command `dbt run` succeeded at 21:16:14.694789 after 8.82 seconds
[0m21:16:14.695067 [debug] [MainThread]: Sending event: {'category': 'dbt', 'action': 'invocation', 'label': 'end', 'context': [<snowplow_tracker.self_describing_json.SelfDescribingJson object at 0x104e95610>, <snowplow_tracker.self_describing_json.SelfDescribingJson object at 0x104e64250>, <snowplow_tracker.self_describing_json.SelfDescribingJson object at 0x1045e10d0>]}
[0m21:16:14.695285 [debug] [MainThread]: Flushing usage events
[0m21:21:21.271479 [debug] [MainThread]: Sending event: {'category': 'dbt', 'action': 'invocation', 'label': 'start', 'context': [<snowplow_tracker.self_describing_json.SelfDescribingJson object at 0x108ee7d10>, <snowplow_tracker.self_describing_json.SelfDescribingJson object at 0x108f812d0>, <snowplow_tracker.self_describing_json.SelfDescribingJson object at 0x108ef24d0>]}


============================== 21:21:21.274190 | 191233a3-10ac-4899-b0a8-76994aad06fa ==============================
[0m21:21:21.274190 [info ] [MainThread]: Running with dbt=1.8.7
[0m21:21:21.274479 [debug] [MainThread]: running dbt with arguments {'printer_width': '80', 'indirect_selection': 'eager', 'log_cache_events': 'False', 'write_json': 'True', 'partial_parse': 'True', 'cache_selected_only': 'False', 'warn_error': 'None', 'fail_fast': 'False', 'version_check': 'True', 'log_path': '/Users/liamtabibzadeh/Documents/hobby/SummaryAI/transform/ecommerce_metrics/logs', 'profiles_dir': '/Users/liamtabibzadeh/Documents/hobby/SummaryAI/transform/ecommerce_metrics', 'debug': 'False', 'use_colors': 'True', 'use_experimental_parser': 'False', 'no_print': 'None', 'quiet': 'False', 'empty': 'False', 'log_format': 'default', 'invocation_command': 'dbt run --models retention', 'warn_error_options': 'WarnErrorOptions(include=[], exclude=[])', 'static_parser': 'True', 'target_path': 'None', 'introspect': 'True', 'send_anonymous_usage_stats': 'True'}
[0m21:21:22.500065 [debug] [MainThread]: Sending event: {'category': 'dbt', 'action': 'project_id', 'label': '191233a3-10ac-4899-b0a8-76994aad06fa', 'context': [<snowplow_tracker.self_describing_json.SelfDescribingJson object at 0x153463910>]}
[0m21:21:22.526526 [debug] [MainThread]: Sending event: {'category': 'dbt', 'action': 'adapter_info', 'label': '191233a3-10ac-4899-b0a8-76994aad06fa', 'context': [<snowplow_tracker.self_describing_json.SelfDescribingJson object at 0x1073ccad0>]}
[0m21:21:22.526838 [info ] [MainThread]: Registered adapter: bigquery=1.8.2
[0m21:21:22.537798 [debug] [MainThread]: checksum: 4af21dafb485259c48497ac86b711ddb1982f3d0f1c0ca4e09356de488b753c0, vars: {}, profile: , target: , version: 1.8.7
[0m21:21:22.615952 [debug] [MainThread]: Partial parsing enabled: 0 files deleted, 0 files added, 1 files changed.
[0m21:21:22.616293 [debug] [MainThread]: Partial parsing: updated file: ecommerce_metrics://models/retention.sql
[0m21:21:22.812037 [debug] [MainThread]: Sending event: {'category': 'dbt', 'action': 'load_project', 'label': '191233a3-10ac-4899-b0a8-76994aad06fa', 'context': [<snowplow_tracker.self_describing_json.SelfDescribingJson object at 0x15357f5d0>]}
[0m21:21:22.856089 [debug] [MainThread]: Sending event: {'category': 'dbt', 'action': 'resource_counts', 'label': '191233a3-10ac-4899-b0a8-76994aad06fa', 'context': [<snowplow_tracker.self_describing_json.SelfDescribingJson object at 0x10769bb50>]}
[0m21:21:22.856338 [info ] [MainThread]: Found 9 models, 3 data tests, 2 sources, 479 macros
[0m21:21:22.856498 [debug] [MainThread]: Sending event: {'category': 'dbt', 'action': 'runnable_timing', 'label': '191233a3-10ac-4899-b0a8-76994aad06fa', 'context': [<snowplow_tracker.self_describing_json.SelfDescribingJson object at 0x1534a2310>]}
[0m21:21:22.857015 [info ] [MainThread]: 
[0m21:21:22.857253 [debug] [MainThread]: Acquiring new bigquery connection 'master'
[0m21:21:22.857609 [debug] [ThreadPool]: Acquiring new bigquery connection 'list_pipeline-466508'
[0m21:21:22.857786 [debug] [ThreadPool]: Opening a new connection, currently in state init
[0m21:21:23.345748 [debug] [ThreadPool]: Re-using an available connection from the pool (formerly list_pipeline-466508, now list_pipeline-466508_ecommerce_analytics)
[0m21:21:23.346312 [debug] [ThreadPool]: Opening a new connection, currently in state closed
[0m21:21:23.881983 [debug] [MainThread]: Sending event: {'category': 'dbt', 'action': 'runnable_timing', 'label': '191233a3-10ac-4899-b0a8-76994aad06fa', 'context': [<snowplow_tracker.self_describing_json.SelfDescribingJson object at 0x1535773d0>]}
[0m21:21:23.882975 [info ] [MainThread]: Concurrency: 1 threads (target='dev')
[0m21:21:23.883408 [info ] [MainThread]: 
[0m21:21:23.887258 [debug] [Thread-1 (]: Began running node model.ecommerce_metrics.retention
[0m21:21:23.887894 [info ] [Thread-1 (]: 1 of 1 START sql table model ecommerce_analytics.retention ..................... [RUN]
[0m21:21:23.888418 [debug] [Thread-1 (]: Re-using an available connection from the pool (formerly list_pipeline-466508_ecommerce_analytics, now model.ecommerce_metrics.retention)
[0m21:21:23.888773 [debug] [Thread-1 (]: Began compiling node model.ecommerce_metrics.retention
[0m21:21:23.896771 [debug] [Thread-1 (]: Writing injected SQL for node "model.ecommerce_metrics.retention"
[0m21:21:23.898101 [debug] [Thread-1 (]: Began executing node model.ecommerce_metrics.retention
[0m21:21:23.910116 [debug] [Thread-1 (]: Opening a new connection, currently in state closed
[0m21:21:24.403412 [debug] [Thread-1 (]: Writing runtime sql for node "model.ecommerce_metrics.retention"
[0m21:21:24.404046 [debug] [Thread-1 (]: On model.ecommerce_metrics.retention: /* {"app": "dbt", "dbt_version": "1.8.7", "profile_name": "ecommerce_metrics", "target_name": "dev", "node_id": "model.ecommerce_metrics.retention"} */

  
    

    create or replace table `pipeline-466508`.`ecommerce_analytics`.`retention`
      
    
    

    OPTIONS()
    as (
      -- Monthly Cohort Retention Analysis
-- Shows retention rates for the 5 most recent cohorts

WITH cohort AS (
  SELECT 
    id AS user_id, 
    DATE_TRUNC(DATE(created_at), MONTH) AS cohort_month
  FROM `bigquery-public-data`.`thelook_ecommerce`.`users`
  WHERE DATE_TRUNC(DATE(created_at), MONTH) < DATE_TRUNC(CURRENT_DATE(), MONTH)
),

activity AS (
  SELECT DISTINCT 
    user_id, 
    DATE_TRUNC(DATE(created_at), MONTH) AS active_month
  FROM `bigquery-public-data`.`thelook_ecommerce`.`events`
),

-- Ensure all cohort members are counted as 100% retained in month 0
cohort_month_zero AS (
  SELECT 
    cohort_month,
    0 AS age_month,
    COUNT(*) AS active_users
  FROM cohort
  GROUP BY cohort_month
),

-- Calculate retention for months 1+
matrix_future AS (
  SELECT 
    c.cohort_month,
    DATE_DIFF(a.active_month, c.cohort_month, MONTH) AS age_month,
    COUNT(DISTINCT a.user_id) AS active_users
  FROM cohort c
  JOIN activity a USING (user_id)
  WHERE DATE_DIFF(a.active_month, c.cohort_month, MONTH) > 0
  GROUP BY c.cohort_month, age_month
),

-- Combine month 0 (100% retention) with future months
matrix AS (
  SELECT cohort_month, age_month, active_users FROM cohort_month_zero
  UNION ALL
  SELECT cohort_month, age_month, active_users FROM matrix_future
),

sizes AS (
  SELECT 
    cohort_month, 
    COUNT(*) AS cohort_size
  FROM cohort
  GROUP BY cohort_month
),

rates AS (
  SELECT 
    m.cohort_month, 
    m.age_month, 
    m.active_users, 
    s.cohort_size,
    SAFE_DIVIDE(m.active_users, s.cohort_size) AS retention_rate
  FROM matrix m
  JOIN sizes s USING (cohort_month)
),

ranked AS (
  SELECT 
    cohort_month, 
    cohort_size,
    DENSE_RANK() OVER (ORDER BY cohort_month DESC) AS rnk
  FROM sizes
)

SELECT
  r.cohort_month,
  CONCAT(
    CAST(EXTRACT(YEAR FROM r.cohort_month) AS STRING), 
    '-', 
    LPAD(CAST(EXTRACT(MONTH FROM r.cohort_month) AS STRING), 2, '0')
  ) AS cohort_label,
  rates.age_month,
  rates.retention_rate
FROM rates
JOIN ranked r USING (cohort_month)
WHERE r.rnk <= 4
  AND r.cohort_size >= 50  -- Filter small cohorts
  AND rates.age_month <= 4  -- Limit to 0-4 months (5 data points)
ORDER BY cohort_month, age_month
    );
  
[0m21:21:25.075676 [debug] [Thread-1 (]: BigQuery adapter: https://console.cloud.google.com/bigquery?project=pipeline-466508&j=bq:US:945a4514-7380-4b35-8d1e-98b0a972392c&page=queryresults
[0m21:21:29.620753 [debug] [Thread-1 (]: Sending event: {'category': 'dbt', 'action': 'run_model', 'label': '191233a3-10ac-4899-b0a8-76994aad06fa', 'context': [<snowplow_tracker.self_describing_json.SelfDescribingJson object at 0x1534e8c10>]}
[0m21:21:29.621389 [info ] [Thread-1 (]: 1 of 1 OK created sql table model ecommerce_analytics.retention ................ [[32mCREATE TABLE (14.0 rows, 29.9 MiB processed)[0m in 5.73s]
[0m21:21:29.621851 [debug] [Thread-1 (]: Finished running node model.ecommerce_metrics.retention
[0m21:21:29.622748 [debug] [MainThread]: Connection 'master' was properly closed.
[0m21:21:29.623028 [debug] [MainThread]: Connection 'model.ecommerce_metrics.retention' was properly closed.
[0m21:21:29.623270 [info ] [MainThread]: 
[0m21:21:29.623506 [info ] [MainThread]: Finished running 1 table model in 0 hours 0 minutes and 6.77 seconds (6.77s).
[0m21:21:29.623956 [debug] [MainThread]: Command end result
[0m21:21:29.643179 [info ] [MainThread]: 
[0m21:21:29.643503 [info ] [MainThread]: [32mCompleted successfully[0m
[0m21:21:29.643685 [info ] [MainThread]: 
[0m21:21:29.643865 [info ] [MainThread]: Done. PASS=1 WARN=0 ERROR=0 SKIP=0 TOTAL=1
[0m21:21:29.644149 [debug] [MainThread]: Resource report: {"command_name": "run", "command_success": true, "command_wall_clock_time": 8.410298, "process_user_time": 3.28883, "process_kernel_time": 0.406222, "process_mem_max_rss": "239157248", "process_in_blocks": "0", "process_out_blocks": "0"}
[0m21:21:29.644436 [debug] [MainThread]: Command `dbt run` succeeded at 21:21:29.644393 after 8.41 seconds
[0m21:21:29.644645 [debug] [MainThread]: Sending event: {'category': 'dbt', 'action': 'invocation', 'label': 'end', 'context': [<snowplow_tracker.self_describing_json.SelfDescribingJson object at 0x108ba1390>, <snowplow_tracker.self_describing_json.SelfDescribingJson object at 0x108ae0410>, <snowplow_tracker.self_describing_json.SelfDescribingJson object at 0x1054efc10>]}
[0m21:21:29.644883 [debug] [MainThread]: Flushing usage events
[0m21:46:41.802542 [debug] [MainThread]: Sending event: {'category': 'dbt', 'action': 'invocation', 'label': 'start', 'context': [<snowplow_tracker.self_describing_json.SelfDescribingJson object at 0x104942710>, <snowplow_tracker.self_describing_json.SelfDescribingJson object at 0x1049acad0>, <snowplow_tracker.self_describing_json.SelfDescribingJson object at 0x1049d21d0>]}


============================== 21:46:41.805226 | 2d1a0c31-4d51-4636-be1e-da5b58c1a45b ==============================
[0m21:46:41.805226 [info ] [MainThread]: Running with dbt=1.8.7
[0m21:46:41.805517 [debug] [MainThread]: running dbt with arguments {'printer_width': '80', 'indirect_selection': 'eager', 'log_cache_events': 'False', 'write_json': 'True', 'partial_parse': 'True', 'cache_selected_only': 'False', 'profiles_dir': '/Users/liamtabibzadeh/Documents/hobby/SummaryAI/transform/ecommerce_metrics', 'debug': 'False', 'version_check': 'True', 'log_path': '/Users/liamtabibzadeh/Documents/hobby/SummaryAI/transform/ecommerce_metrics/logs', 'warn_error': 'None', 'fail_fast': 'False', 'use_colors': 'True', 'use_experimental_parser': 'False', 'no_print': 'None', 'quiet': 'False', 'empty': 'False', 'log_format': 'default', 'invocation_command': 'dbt run --models kpi_metrics', 'warn_error_options': 'WarnErrorOptions(include=[], exclude=[])', 'static_parser': 'True', 'target_path': 'None', 'introspect': 'True', 'send_anonymous_usage_stats': 'True'}
[0m21:46:43.090805 [debug] [MainThread]: Sending event: {'category': 'dbt', 'action': 'project_id', 'label': '2d1a0c31-4d51-4636-be1e-da5b58c1a45b', 'context': [<snowplow_tracker.self_describing_json.SelfDescribingJson object at 0x1244e98d0>]}
[0m21:46:43.116976 [debug] [MainThread]: Sending event: {'category': 'dbt', 'action': 'adapter_info', 'label': '2d1a0c31-4d51-4636-be1e-da5b58c1a45b', 'context': [<snowplow_tracker.self_describing_json.SelfDescribingJson object at 0x102e24250>]}
[0m21:46:43.117263 [info ] [MainThread]: Registered adapter: bigquery=1.8.2
[0m21:46:43.127844 [debug] [MainThread]: checksum: 4af21dafb485259c48497ac86b711ddb1982f3d0f1c0ca4e09356de488b753c0, vars: {}, profile: , target: , version: 1.8.7
[0m21:46:43.205677 [debug] [MainThread]: Partial parsing enabled: 0 files deleted, 1 files added, 0 files changed.
[0m21:46:43.205974 [debug] [MainThread]: Partial parsing: added file: ecommerce_metrics://models/kpi_metrics.sql
[0m21:46:43.371071 [debug] [MainThread]: Sending event: {'category': 'dbt', 'action': 'load_project', 'label': '2d1a0c31-4d51-4636-be1e-da5b58c1a45b', 'context': [<snowplow_tracker.self_describing_json.SelfDescribingJson object at 0x124646b90>]}
[0m21:46:43.416395 [debug] [MainThread]: Sending event: {'category': 'dbt', 'action': 'resource_counts', 'label': '2d1a0c31-4d51-4636-be1e-da5b58c1a45b', 'context': [<snowplow_tracker.self_describing_json.SelfDescribingJson object at 0x124aea110>]}
[0m21:46:43.416652 [info ] [MainThread]: Found 10 models, 3 data tests, 2 sources, 479 macros
[0m21:46:43.416823 [debug] [MainThread]: Sending event: {'category': 'dbt', 'action': 'runnable_timing', 'label': '2d1a0c31-4d51-4636-be1e-da5b58c1a45b', 'context': [<snowplow_tracker.self_describing_json.SelfDescribingJson object at 0x124d96250>]}
[0m21:46:43.417362 [info ] [MainThread]: 
[0m21:46:43.417607 [debug] [MainThread]: Acquiring new bigquery connection 'master'
[0m21:46:43.417977 [debug] [ThreadPool]: Acquiring new bigquery connection 'list_pipeline-466508'
[0m21:46:43.418161 [debug] [ThreadPool]: Opening a new connection, currently in state init
[0m21:46:44.695731 [debug] [ThreadPool]: Re-using an available connection from the pool (formerly list_pipeline-466508, now list_pipeline-466508_ecommerce_analytics)
[0m21:46:44.696527 [debug] [ThreadPool]: Opening a new connection, currently in state closed
[0m21:46:45.453862 [debug] [MainThread]: Sending event: {'category': 'dbt', 'action': 'runnable_timing', 'label': '2d1a0c31-4d51-4636-be1e-da5b58c1a45b', 'context': [<snowplow_tracker.self_describing_json.SelfDescribingJson object at 0x124bc3690>]}
[0m21:46:45.455322 [info ] [MainThread]: Concurrency: 1 threads (target='dev')
[0m21:46:45.455866 [info ] [MainThread]: 
[0m21:46:45.460530 [debug] [Thread-1 (]: Began running node model.ecommerce_metrics.kpi_metrics
[0m21:46:45.461353 [info ] [Thread-1 (]: 1 of 1 START sql table model ecommerce_analytics.kpi_metrics ................... [RUN]
[0m21:46:45.461978 [debug] [Thread-1 (]: Re-using an available connection from the pool (formerly list_pipeline-466508_ecommerce_analytics, now model.ecommerce_metrics.kpi_metrics)
[0m21:46:45.462412 [debug] [Thread-1 (]: Began compiling node model.ecommerce_metrics.kpi_metrics
[0m21:46:45.471582 [debug] [Thread-1 (]: Writing injected SQL for node "model.ecommerce_metrics.kpi_metrics"
[0m21:46:45.472730 [debug] [Thread-1 (]: Began executing node model.ecommerce_metrics.kpi_metrics
[0m21:46:45.498526 [debug] [Thread-1 (]: Writing runtime sql for node "model.ecommerce_metrics.kpi_metrics"
[0m21:46:45.499245 [debug] [Thread-1 (]: Opening a new connection, currently in state closed
[0m21:46:45.539234 [debug] [Thread-1 (]: On model.ecommerce_metrics.kpi_metrics: /* {"app": "dbt", "dbt_version": "1.8.7", "profile_name": "ecommerce_metrics", "target_name": "dev", "node_id": "model.ecommerce_metrics.kpi_metrics"} */

  
    

    create or replace table `pipeline-466508`.`ecommerce_analytics`.`kpi_metrics`
      
    
    

    OPTIONS()
    as (
      -- KPI Metrics for Dashboard
-- Provides key performance indicators for top-level dashboard display

WITH last_data_date AS (
  SELECT MAX(DATE(created_at)) AS last_updated
  FROM `bigquery-public-data`.`thelook_ecommerce`.`events`
),

mau_last_30_days AS (
  SELECT COUNT(DISTINCT user_id) AS mau_30_days
  FROM `bigquery-public-data`.`thelook_ecommerce`.`events`
  WHERE DATE(created_at) >= DATE_SUB(CURRENT_DATE(), INTERVAL 30 DAY)
    AND DATE(created_at) < CURRENT_DATE()
),

purchase_conversion_last_30_days AS (
  WITH events_30_days AS (
    SELECT 
      session_id,
      ARRAY_AGG(DISTINCT event_type) AS event_types
    FROM `bigquery-public-data`.`thelook_ecommerce`.`events`
    WHERE DATE(created_at) >= DATE_SUB(CURRENT_DATE(), INTERVAL 30 DAY)
      AND DATE(created_at) < CURRENT_DATE()
    GROUP BY session_id
  )
  SELECT 
    COUNTIF('product' IN UNNEST(event_types)) AS product_sessions,
    COUNTIF('product' IN UNNEST(event_types) AND 'purchase' IN UNNEST(event_types)) AS purchase_sessions,
    SAFE_DIVIDE(
      COUNTIF('product' IN UNNEST(event_types) AND 'purchase' IN UNNEST(event_types)),
      COUNTIF('product' IN UNNEST(event_types))
    ) AS purchase_conversion_rate
  FROM events_30_days
)

SELECT
  -- Date last updated
  FORMAT_DATE('%Y-%m-%d', last_data_date.last_updated) AS last_updated_date,
  
  -- MAU last 30 days
  mau_last_30_days.mau_30_days,
  
  -- Purchase conversion rate last 30 days  
  purchase_conversion_last_30_days.purchase_conversion_rate

FROM last_data_date
CROSS JOIN mau_last_30_days
CROSS JOIN purchase_conversion_last_30_days
    );
  
[0m21:46:48.992991 [debug] [Thread-1 (]: BigQuery adapter: https://console.cloud.google.com/bigquery?project=pipeline-466508&j=bq:US:3d2c65ae-94b6-4e74-90b4-4264a605559d&page=queryresults
[0m21:46:50.597091 [debug] [Thread-1 (]: Sending event: {'category': 'dbt', 'action': 'run_model', 'label': '2d1a0c31-4d51-4636-be1e-da5b58c1a45b', 'context': [<snowplow_tracker.self_describing_json.SelfDescribingJson object at 0x12586c1d0>]}
[0m21:46:50.598010 [info ] [Thread-1 (]: 1 of 1 OK created sql table model ecommerce_analytics.kpi_metrics .............. [[32mCREATE TABLE (1.0 rows, 136.6 MiB processed)[0m in 5.13s]
[0m21:46:50.598649 [debug] [Thread-1 (]: Finished running node model.ecommerce_metrics.kpi_metrics
[0m21:46:50.599828 [debug] [MainThread]: Connection 'master' was properly closed.
[0m21:46:50.600123 [debug] [MainThread]: Connection 'model.ecommerce_metrics.kpi_metrics' was properly closed.
[0m21:46:50.600457 [info ] [MainThread]: 
[0m21:46:50.600751 [info ] [MainThread]: Finished running 1 table model in 0 hours 0 minutes and 7.18 seconds (7.18s).
[0m21:46:50.601248 [debug] [MainThread]: Command end result
[0m21:46:50.626440 [info ] [MainThread]: 
[0m21:46:50.626750 [info ] [MainThread]: [32mCompleted successfully[0m
[0m21:46:50.626937 [info ] [MainThread]: 
[0m21:46:50.627128 [info ] [MainThread]: Done. PASS=1 WARN=0 ERROR=0 SKIP=0 TOTAL=1
[0m21:46:50.627420 [debug] [MainThread]: Resource report: {"command_name": "run", "command_success": true, "command_wall_clock_time": 8.855704, "process_user_time": 3.09401, "process_kernel_time": 0.662346, "process_mem_max_rss": "239763456", "process_in_blocks": "0", "process_out_blocks": "0"}
[0m21:46:50.627725 [debug] [MainThread]: Command `dbt run` succeeded at 21:46:50.627678 after 8.86 seconds
[0m21:46:50.627945 [debug] [MainThread]: Sending event: {'category': 'dbt', 'action': 'invocation', 'label': 'end', 'context': [<snowplow_tracker.self_describing_json.SelfDescribingJson object at 0x1045ed0d0>, <snowplow_tracker.self_describing_json.SelfDescribingJson object at 0x100ec0d90>, <snowplow_tracker.self_describing_json.SelfDescribingJson object at 0x100ec1910>]}
[0m21:46:50.628150 [debug] [MainThread]: Flushing usage events
[0m19:59:29.224423 [debug] [MainThread]: Sending event: {'category': 'dbt', 'action': 'invocation', 'label': 'start', 'context': [<snowplow_tracker.self_describing_json.SelfDescribingJson object at 0x108e36c50>, <snowplow_tracker.self_describing_json.SelfDescribingJson object at 0x108e9d8d0>, <snowplow_tracker.self_describing_json.SelfDescribingJson object at 0x108ebe890>]}


============================== 19:59:29.227335 | 5327d2f3-9a4b-4840-a460-72b28a344390 ==============================
[0m19:59:29.227335 [info ] [MainThread]: Running with dbt=1.8.7
[0m19:59:29.227632 [debug] [MainThread]: running dbt with arguments {'printer_width': '80', 'indirect_selection': 'eager', 'log_cache_events': 'False', 'write_json': 'True', 'partial_parse': 'True', 'cache_selected_only': 'False', 'profiles_dir': '.', 'debug': 'False', 'version_check': 'True', 'log_path': '/Users/liamtabibzadeh/Documents/hobby/SummaryAI/pipeline/transform/ecommerce_metrics/logs', 'fail_fast': 'False', 'warn_error': 'None', 'use_colors': 'True', 'use_experimental_parser': 'False', 'no_print': 'None', 'quiet': 'False', 'empty': 'False', 'log_format': 'default', 'introspect': 'True', 'invocation_command': 'dbt run --profiles-dir . --target dev', 'warn_error_options': 'WarnErrorOptions(include=[], exclude=[])', 'target_path': 'None', 'static_parser': 'True', 'send_anonymous_usage_stats': 'True'}
[0m19:59:29.229992 [error] [MainThread]: Encountered an error:
Parsing Error
  Env var required but not provided: 'GCP_PROJECT'
[0m19:59:29.231679 [debug] [MainThread]: Resource report: {"command_name": "run", "command_wall_clock_time": 0.037583333, "process_user_time": 0.514306, "process_kernel_time": 0.067904, "process_mem_max_rss": "95322112", "command_success": false, "process_in_blocks": "0", "process_out_blocks": "0"}
[0m19:59:29.231969 [debug] [MainThread]: Command `dbt run` failed at 19:59:29.231924 after 0.04 seconds
[0m19:59:29.232155 [debug] [MainThread]: Sending event: {'category': 'dbt', 'action': 'invocation', 'label': 'end', 'context': [<snowplow_tracker.self_describing_json.SelfDescribingJson object at 0x1089e9950>, <snowplow_tracker.self_describing_json.SelfDescribingJson object at 0x108e34090>, <snowplow_tracker.self_describing_json.SelfDescribingJson object at 0x10505a0d0>]}
[0m19:59:29.232318 [debug] [MainThread]: Flushing usage events
[0m19:59:35.158795 [debug] [MainThread]: Sending event: {'category': 'dbt', 'action': 'invocation', 'label': 'start', 'context': [<snowplow_tracker.self_describing_json.SelfDescribingJson object at 0x1103fa7d0>, <snowplow_tracker.self_describing_json.SelfDescribingJson object at 0x11047e110>, <snowplow_tracker.self_describing_json.SelfDescribingJson object at 0x11047ef90>]}


============================== 19:59:35.160839 | cc1aeb0b-84f0-49b8-b4dc-9390fdad34b9 ==============================
[0m19:59:35.160839 [info ] [MainThread]: Running with dbt=1.8.7
[0m19:59:35.161133 [debug] [MainThread]: running dbt with arguments {'printer_width': '80', 'indirect_selection': 'eager', 'write_json': 'True', 'log_cache_events': 'False', 'partial_parse': 'True', 'cache_selected_only': 'False', 'profiles_dir': '.', 'fail_fast': 'False', 'debug': 'False', 'log_path': '/Users/liamtabibzadeh/Documents/hobby/SummaryAI/pipeline/transform/ecommerce_metrics/logs', 'version_check': 'True', 'warn_error': 'None', 'use_colors': 'True', 'use_experimental_parser': 'False', 'no_print': 'None', 'quiet': 'False', 'empty': 'False', 'log_format': 'default', 'invocation_command': 'dbt run --profiles-dir . --target dev', 'introspect': 'True', 'static_parser': 'True', 'target_path': 'None', 'warn_error_options': 'WarnErrorOptions(include=[], exclude=[])', 'send_anonymous_usage_stats': 'True'}
[0m19:59:35.163293 [error] [MainThread]: Encountered an error:
Parsing Error
  Env var required but not provided: 'GCP_PROJECT'
[0m19:59:35.164038 [debug] [MainThread]: Resource report: {"command_name": "run", "command_wall_clock_time": 0.03500471, "process_user_time": 0.508503, "process_kernel_time": 0.061146, "process_mem_max_rss": "96845824", "command_success": false, "process_in_blocks": "0", "process_out_blocks": "0"}
[0m19:59:35.164290 [debug] [MainThread]: Command `dbt run` failed at 19:59:35.164247 after 0.04 seconds
[0m19:59:35.164468 [debug] [MainThread]: Sending event: {'category': 'dbt', 'action': 'invocation', 'label': 'end', 'context': [<snowplow_tracker.self_describing_json.SelfDescribingJson object at 0x11047da50>, <snowplow_tracker.self_describing_json.SelfDescribingJson object at 0x11044cb90>, <snowplow_tracker.self_describing_json.SelfDescribingJson object at 0x10376ad50>]}
[0m19:59:35.164632 [debug] [MainThread]: Flushing usage events
[0m19:59:44.121027 [debug] [MainThread]: Sending event: {'category': 'dbt', 'action': 'invocation', 'label': 'start', 'context': [<snowplow_tracker.self_describing_json.SelfDescribingJson object at 0x1090fabd0>, <snowplow_tracker.self_describing_json.SelfDescribingJson object at 0x109181ad0>, <snowplow_tracker.self_describing_json.SelfDescribingJson object at 0x109182e10>]}


============================== 19:59:44.122987 | 89b33a8e-2aa9-4937-a724-7487ee6bac9d ==============================
[0m19:59:44.122987 [info ] [MainThread]: Running with dbt=1.8.7
[0m19:59:44.123280 [debug] [MainThread]: running dbt with arguments {'printer_width': '80', 'indirect_selection': 'eager', 'write_json': 'True', 'log_cache_events': 'False', 'partial_parse': 'True', 'cache_selected_only': 'False', 'profiles_dir': '.', 'version_check': 'True', 'warn_error': 'None', 'log_path': '/Users/liamtabibzadeh/Documents/hobby/SummaryAI/pipeline/transform/ecommerce_metrics/logs', 'debug': 'False', 'fail_fast': 'False', 'use_colors': 'True', 'use_experimental_parser': 'False', 'empty': 'False', 'quiet': 'False', 'no_print': 'None', 'warn_error_options': 'WarnErrorOptions(include=[], exclude=[])', 'static_parser': 'True', 'log_format': 'default', 'introspect': 'True', 'target_path': 'None', 'invocation_command': 'dbt run --profiles-dir . --target dev', 'send_anonymous_usage_stats': 'True'}
[0m19:59:44.125712 [error] [MainThread]: Encountered an error:
Parsing Error
  Env var required but not provided: 'GOOGLE_APPLICATION_CREDENTIALS'
[0m19:59:44.126443 [debug] [MainThread]: Resource report: {"command_name": "run", "command_wall_clock_time": 0.03568404, "process_user_time": 0.515897, "process_kernel_time": 0.062013, "process_mem_max_rss": "97009664", "command_success": false, "process_in_blocks": "0", "process_out_blocks": "0"}
[0m19:59:44.126694 [debug] [MainThread]: Command `dbt run` failed at 19:59:44.126652 after 0.04 seconds
[0m19:59:44.126870 [debug] [MainThread]: Sending event: {'category': 'dbt', 'action': 'invocation', 'label': 'end', 'context': [<snowplow_tracker.self_describing_json.SelfDescribingJson object at 0x1090f80d0>, <snowplow_tracker.self_describing_json.SelfDescribingJson object at 0x10919d310>, <snowplow_tracker.self_describing_json.SelfDescribingJson object at 0x109161010>]}
[0m19:59:44.127029 [debug] [MainThread]: Flushing usage events
[0m19:59:50.392944 [debug] [MainThread]: Sending event: {'category': 'dbt', 'action': 'invocation', 'label': 'start', 'context': [<snowplow_tracker.self_describing_json.SelfDescribingJson object at 0x1072b6b10>, <snowplow_tracker.self_describing_json.SelfDescribingJson object at 0x1072e2050>, <snowplow_tracker.self_describing_json.SelfDescribingJson object at 0x1072e2990>]}


============================== 19:59:50.394777 | a6d4abd9-9e59-45a4-922f-29c05c42e943 ==============================
[0m19:59:50.394777 [info ] [MainThread]: Running with dbt=1.8.7
[0m19:59:50.395064 [debug] [MainThread]: running dbt with arguments {'printer_width': '80', 'indirect_selection': 'eager', 'log_cache_events': 'False', 'write_json': 'True', 'partial_parse': 'True', 'cache_selected_only': 'False', 'warn_error': 'None', 'version_check': 'True', 'profiles_dir': '.', 'log_path': '/Users/liamtabibzadeh/Documents/hobby/SummaryAI/pipeline/transform/ecommerce_metrics/logs', 'debug': 'False', 'fail_fast': 'False', 'use_colors': 'True', 'use_experimental_parser': 'False', 'no_print': 'None', 'quiet': 'False', 'empty': 'False', 'warn_error_options': 'WarnErrorOptions(include=[], exclude=[])', 'introspect': 'True', 'static_parser': 'True', 'invocation_command': 'dbt run --profiles-dir . --target dev --select mau', 'target_path': 'None', 'log_format': 'default', 'send_anonymous_usage_stats': 'True'}
[0m19:59:51.576224 [debug] [MainThread]: Sending event: {'category': 'dbt', 'action': 'project_id', 'label': 'a6d4abd9-9e59-45a4-922f-29c05c42e943', 'context': [<snowplow_tracker.self_describing_json.SelfDescribingJson object at 0x13f7ff250>]}
[0m19:59:51.602880 [debug] [MainThread]: Sending event: {'category': 'dbt', 'action': 'adapter_info', 'label': 'a6d4abd9-9e59-45a4-922f-29c05c42e943', 'context': [<snowplow_tracker.self_describing_json.SelfDescribingJson object at 0x1057390d0>]}
[0m19:59:51.603196 [info ] [MainThread]: Registered adapter: bigquery=1.8.2
[0m19:59:51.613517 [debug] [MainThread]: checksum: b72588a61004764de5b9a5a46159da2d5d1870e817a9a65ee379ab1be9083c25, vars: {}, profile: , target: dev, version: 1.8.7
[0m19:59:51.669773 [info ] [MainThread]: Unable to do partial parsing because config vars, config profile, or config target have changed
[0m19:59:51.670068 [debug] [MainThread]: previous checksum: b72588a61004764de5b9a5a46159da2d5d1870e817a9a65ee379ab1be9083c25, current checksum: 4af21dafb485259c48497ac86b711ddb1982f3d0f1c0ca4e09356de488b753c0
[0m19:59:51.670227 [debug] [MainThread]: Sending event: {'category': 'dbt', 'action': 'partial_parser', 'label': 'a6d4abd9-9e59-45a4-922f-29c05c42e943', 'context': [<snowplow_tracker.self_describing_json.SelfDescribingJson object at 0x1064efa50>]}
[0m19:59:52.147334 [warn ] [MainThread]: [[33mWARNING[0m]: Deprecated functionality
The `tests` config has been renamed to `data_tests`. Please see
https://docs.getdbt.com/docs/build/data-tests#new-data_tests-syntax for more
information.
[0m19:59:52.147636 [debug] [MainThread]: Sending event: {'category': 'dbt', 'action': 'deprecation', 'label': 'a6d4abd9-9e59-45a4-922f-29c05c42e943', 'property_': 'warn', 'context': [<snowplow_tracker.self_describing_json.SelfDescribingJson object at 0x107178d90>]}
[0m19:59:52.282400 [debug] [MainThread]: Sending event: {'category': 'dbt', 'action': 'load_project', 'label': 'a6d4abd9-9e59-45a4-922f-29c05c42e943', 'context': [<snowplow_tracker.self_describing_json.SelfDescribingJson object at 0x1482101d0>]}
[0m19:59:52.330204 [debug] [MainThread]: Sending event: {'category': 'dbt', 'action': 'resource_counts', 'label': 'a6d4abd9-9e59-45a4-922f-29c05c42e943', 'context': [<snowplow_tracker.self_describing_json.SelfDescribingJson object at 0x14899be50>]}
[0m19:59:52.330458 [info ] [MainThread]: Found 10 models, 3 data tests, 2 sources, 479 macros
[0m19:59:52.330618 [debug] [MainThread]: Sending event: {'category': 'dbt', 'action': 'runnable_timing', 'label': 'a6d4abd9-9e59-45a4-922f-29c05c42e943', 'context': [<snowplow_tracker.self_describing_json.SelfDescribingJson object at 0x148918890>]}
[0m19:59:52.331172 [info ] [MainThread]: 
[0m19:59:52.331397 [debug] [MainThread]: Acquiring new bigquery connection 'master'
[0m19:59:52.331759 [debug] [ThreadPool]: Acquiring new bigquery connection 'list_pipeline-466508'
[0m19:59:52.331946 [debug] [ThreadPool]: Opening a new connection, currently in state init
[0m19:59:52.753753 [debug] [ThreadPool]: Re-using an available connection from the pool (formerly list_pipeline-466508, now list_pipeline-466508_ecommerce_analytics)
[0m19:59:52.754466 [debug] [ThreadPool]: Opening a new connection, currently in state closed
[0m19:59:53.204645 [debug] [MainThread]: Sending event: {'category': 'dbt', 'action': 'runnable_timing', 'label': 'a6d4abd9-9e59-45a4-922f-29c05c42e943', 'context': [<snowplow_tracker.self_describing_json.SelfDescribingJson object at 0x1483eb4d0>]}
[0m19:59:53.205540 [info ] [MainThread]: Concurrency: 1 threads (target='dev')
[0m19:59:53.205958 [info ] [MainThread]: 
[0m19:59:53.210061 [debug] [Thread-1 (]: Began running node model.ecommerce_metrics.mau
[0m19:59:53.210569 [info ] [Thread-1 (]: 1 of 1 START sql table model ecommerce_analytics.mau ........................... [RUN]
[0m19:59:53.211017 [debug] [Thread-1 (]: Re-using an available connection from the pool (formerly list_pipeline-466508_ecommerce_analytics, now model.ecommerce_metrics.mau)
[0m19:59:53.211347 [debug] [Thread-1 (]: Began compiling node model.ecommerce_metrics.mau
[0m19:59:53.219509 [debug] [Thread-1 (]: Writing injected SQL for node "model.ecommerce_metrics.mau"
[0m19:59:53.221825 [debug] [Thread-1 (]: Began executing node model.ecommerce_metrics.mau
[0m19:59:53.231559 [debug] [Thread-1 (]: Opening a new connection, currently in state closed
[0m19:59:53.698038 [debug] [Thread-1 (]: Writing runtime sql for node "model.ecommerce_metrics.mau"
[0m19:59:53.699550 [debug] [Thread-1 (]: On model.ecommerce_metrics.mau: /* {"app": "dbt", "dbt_version": "1.8.7", "profile_name": "ecommerce_metrics", "target_name": "dev", "node_id": "model.ecommerce_metrics.mau"} */

  
    

    create or replace table `pipeline-466508`.`ecommerce_analytics`.`mau`
      
    
    

    OPTIONS()
    as (
      -- Monthly Active Users (MAU)
-- Excludes current month to show only complete months

WITH base AS (
  SELECT 
    DATE_TRUNC(DATE(created_at), MONTH) AS month, 
    user_id
  FROM `bigquery-public-data`.`thelook_ecommerce`.`events`
  WHERE DATE_TRUNC(DATE(created_at), MONTH) < DATE_TRUNC(CURRENT_DATE(), MONTH)
)

SELECT 
  month, 
  COUNT(DISTINCT user_id) AS mau
FROM base
GROUP BY month
ORDER BY month
    );
  
[0m19:59:54.298939 [debug] [Thread-1 (]: BigQuery adapter: https://console.cloud.google.com/bigquery?project=pipeline-466508&j=bq:US:15bad5ec-3944-40aa-b1c7-58f89048ff3c&page=queryresults
[0m19:59:56.985606 [debug] [Thread-1 (]: Sending event: {'category': 'dbt', 'action': 'run_model', 'label': 'a6d4abd9-9e59-45a4-922f-29c05c42e943', 'context': [<snowplow_tracker.self_describing_json.SelfDescribingJson object at 0x148943350>]}
[0m19:59:56.986024 [info ] [Thread-1 (]: 1 of 1 OK created sql table model ecommerce_analytics.mau ...................... [[32mCREATE TABLE (79.0 rows, 28.6 MiB processed)[0m in 3.77s]
[0m19:59:56.986350 [debug] [Thread-1 (]: Finished running node model.ecommerce_metrics.mau
[0m19:59:56.986981 [debug] [MainThread]: Connection 'master' was properly closed.
[0m19:59:56.987140 [debug] [MainThread]: Connection 'model.ecommerce_metrics.mau' was properly closed.
[0m19:59:56.987299 [info ] [MainThread]: 
[0m19:59:56.987456 [info ] [MainThread]: Finished running 1 table model in 0 hours 0 minutes and 4.66 seconds (4.66s).
[0m19:59:56.987764 [debug] [MainThread]: Command end result
[0m19:59:57.003481 [info ] [MainThread]: 
[0m19:59:57.003740 [info ] [MainThread]: [32mCompleted successfully[0m
[0m19:59:57.003889 [info ] [MainThread]: 
[0m19:59:57.004038 [info ] [MainThread]: Done. PASS=1 WARN=0 ERROR=0 SKIP=0 TOTAL=1
[0m19:59:57.004272 [debug] [MainThread]: Resource report: {"command_name": "run", "command_success": true, "command_wall_clock_time": 6.6413984, "process_user_time": 3.461288, "process_kernel_time": 0.674356, "process_mem_max_rss": "248840192", "process_in_blocks": "0", "process_out_blocks": "0"}
[0m19:59:57.004513 [debug] [MainThread]: Command `dbt run` succeeded at 19:59:57.004477 after 6.64 seconds
[0m19:59:57.004690 [debug] [MainThread]: Sending event: {'category': 'dbt', 'action': 'invocation', 'label': 'end', 'context': [<snowplow_tracker.self_describing_json.SelfDescribingJson object at 0x107258090>, <snowplow_tracker.self_describing_json.SelfDescribingJson object at 0x1072b73d0>, <snowplow_tracker.self_describing_json.SelfDescribingJson object at 0x10377e310>]}
[0m19:59:57.004855 [debug] [MainThread]: Flushing usage events
[0m22:18:25.106603 [debug] [MainThread]: Sending event: {'category': 'dbt', 'action': 'invocation', 'label': 'start', 'context': [<snowplow_tracker.self_describing_json.SelfDescribingJson object at 0x104947890>, <snowplow_tracker.self_describing_json.SelfDescribingJson object at 0x104998210>, <snowplow_tracker.self_describing_json.SelfDescribingJson object at 0x104998250>]}


============================== 22:18:25.109455 | a9544086-a6e5-4338-b351-5e07f5aaf7ea ==============================
[0m22:18:25.109455 [info ] [MainThread]: Running with dbt=1.8.7
[0m22:18:25.109740 [debug] [MainThread]: running dbt with arguments {'printer_width': '80', 'indirect_selection': 'eager', 'log_cache_events': 'False', 'write_json': 'True', 'partial_parse': 'True', 'cache_selected_only': 'False', 'warn_error': 'None', 'fail_fast': 'False', 'profiles_dir': '.', 'log_path': '/Users/liamtabibzadeh/Documents/hobby/SummaryAI/pipeline/transform/ecommerce_metrics/logs', 'debug': 'False', 'version_check': 'True', 'use_colors': 'True', 'use_experimental_parser': 'False', 'no_print': 'None', 'quiet': 'False', 'empty': 'None', 'log_format': 'default', 'invocation_command': 'dbt debug --profiles-dir .', 'static_parser': 'True', 'introspect': 'True', 'target_path': 'None', 'warn_error_options': 'WarnErrorOptions(include=[], exclude=[])', 'send_anonymous_usage_stats': 'True'}
[0m22:18:25.119443 [info ] [MainThread]: dbt version: 1.8.7
[0m22:18:25.119635 [info ] [MainThread]: python version: 3.11.5
[0m22:18:25.119784 [info ] [MainThread]: python path: /Users/liamtabibzadeh/anaconda3/bin/python
[0m22:18:25.119915 [info ] [MainThread]: os info: macOS-14.6.1-arm64-arm-64bit
[0m22:18:25.122479 [error] [MainThread]: Encountered an error:
Parsing Error
  Env var required but not provided: 'GCP_PROJECT'
[0m22:18:25.124062 [debug] [MainThread]: Resource report: {"command_name": "debug", "command_wall_clock_time": 0.048000876, "process_user_time": 0.508166, "process_kernel_time": 0.068514, "process_mem_max_rss": "96288768", "command_success": false, "process_in_blocks": "0", "process_out_blocks": "0"}
[0m22:18:25.124299 [debug] [MainThread]: Command `dbt debug` failed at 22:18:25.124260 after 0.05 seconds
[0m22:18:25.124458 [debug] [MainThread]: Sending event: {'category': 'dbt', 'action': 'invocation', 'label': 'end', 'context': [<snowplow_tracker.self_describing_json.SelfDescribingJson object at 0x104957b50>, <snowplow_tracker.self_describing_json.SelfDescribingJson object at 0x100ec1d90>, <snowplow_tracker.self_describing_json.SelfDescribingJson object at 0x10493bdd0>]}
[0m22:18:25.124610 [debug] [MainThread]: Flushing usage events
[0m22:18:31.790471 [debug] [MainThread]: Sending event: {'category': 'dbt', 'action': 'invocation', 'label': 'start', 'context': [<snowplow_tracker.self_describing_json.SelfDescribingJson object at 0x108ee6c50>, <snowplow_tracker.self_describing_json.SelfDescribingJson object at 0x108f6da10>, <snowplow_tracker.self_describing_json.SelfDescribingJson object at 0x108f6e2d0>]}


============================== 22:18:31.792374 | 46e92349-e02e-4a48-b5cf-f900a01b9003 ==============================
[0m22:18:31.792374 [info ] [MainThread]: Running with dbt=1.8.7
[0m22:18:31.792653 [debug] [MainThread]: running dbt with arguments {'printer_width': '80', 'indirect_selection': 'eager', 'log_cache_events': 'False', 'write_json': 'True', 'partial_parse': 'True', 'cache_selected_only': 'False', 'warn_error': 'None', 'version_check': 'True', 'debug': 'False', 'log_path': '/Users/liamtabibzadeh/Documents/hobby/SummaryAI/pipeline/transform/ecommerce_metrics/logs', 'fail_fast': 'False', 'profiles_dir': '.', 'use_colors': 'True', 'use_experimental_parser': 'False', 'empty': 'None', 'quiet': 'False', 'no_print': 'None', 'warn_error_options': 'WarnErrorOptions(include=[], exclude=[])', 'static_parser': 'True', 'introspect': 'True', 'log_format': 'default', 'target_path': 'None', 'invocation_command': 'dbt debug --profiles-dir .', 'send_anonymous_usage_stats': 'True'}
[0m22:18:31.795960 [info ] [MainThread]: dbt version: 1.8.7
[0m22:18:31.796145 [info ] [MainThread]: python version: 3.11.5
[0m22:18:31.796292 [info ] [MainThread]: python path: /Users/liamtabibzadeh/anaconda3/bin/python
[0m22:18:31.796417 [info ] [MainThread]: os info: macOS-14.6.1-arm64-arm-64bit
[0m22:18:31.798965 [error] [MainThread]: Encountered an error:
Parsing Error
  Env var required but not provided: 'GOOGLE_APPLICATION_CREDENTIALS'
[0m22:18:31.799688 [debug] [MainThread]: Resource report: {"command_name": "debug", "command_wall_clock_time": 0.038156208, "process_user_time": 0.506872, "process_kernel_time": 0.060743, "process_mem_max_rss": "96714752", "command_success": false, "process_in_blocks": "0", "process_out_blocks": "0"}
[0m22:18:31.799934 [debug] [MainThread]: Command `dbt debug` failed at 22:18:31.799895 after 0.04 seconds
[0m22:18:31.800105 [debug] [MainThread]: Sending event: {'category': 'dbt', 'action': 'invocation', 'label': 'end', 'context': [<snowplow_tracker.self_describing_json.SelfDescribingJson object at 0x108f6d450>, <snowplow_tracker.self_describing_json.SelfDescribingJson object at 0x108f6d590>, <snowplow_tracker.self_describing_json.SelfDescribingJson object at 0x105462910>]}
[0m22:18:31.800260 [debug] [MainThread]: Flushing usage events
[0m22:18:37.784021 [debug] [MainThread]: Sending event: {'category': 'dbt', 'action': 'invocation', 'label': 'start', 'context': [<snowplow_tracker.self_describing_json.SelfDescribingJson object at 0x104b37750>, <snowplow_tracker.self_describing_json.SelfDescribingJson object at 0x104b35c50>, <snowplow_tracker.self_describing_json.SelfDescribingJson object at 0x104bb6090>]}


============================== 22:18:37.785964 | 52203a65-3150-43d2-bc83-97c75e10fb17 ==============================
[0m22:18:37.785964 [info ] [MainThread]: Running with dbt=1.8.7
[0m22:18:37.786254 [debug] [MainThread]: running dbt with arguments {'printer_width': '80', 'indirect_selection': 'eager', 'log_cache_events': 'False', 'write_json': 'True', 'partial_parse': 'True', 'cache_selected_only': 'False', 'warn_error': 'None', 'version_check': 'True', 'debug': 'False', 'log_path': '/Users/liamtabibzadeh/Documents/hobby/SummaryAI/pipeline/transform/ecommerce_metrics/logs', 'fail_fast': 'False', 'profiles_dir': '.', 'use_colors': 'True', 'use_experimental_parser': 'False', 'empty': 'None', 'quiet': 'False', 'no_print': 'None', 'log_format': 'default', 'static_parser': 'True', 'introspect': 'True', 'warn_error_options': 'WarnErrorOptions(include=[], exclude=[])', 'target_path': 'None', 'invocation_command': 'dbt parse --profiles-dir .', 'send_anonymous_usage_stats': 'True'}
[0m22:18:37.788520 [error] [MainThread]: Encountered an error:
Parsing Error
  Env var required but not provided: 'GCP_PROJECT'
[0m22:18:37.789236 [debug] [MainThread]: Resource report: {"command_name": "parse", "command_wall_clock_time": 0.034896623, "process_user_time": 0.504891, "process_kernel_time": 0.059654, "process_mem_max_rss": "95633408", "command_success": false, "process_in_blocks": "0", "process_out_blocks": "0"}
[0m22:18:37.789474 [debug] [MainThread]: Command `dbt parse` failed at 22:18:37.789433 after 0.04 seconds
[0m22:18:37.789648 [debug] [MainThread]: Sending event: {'category': 'dbt', 'action': 'invocation', 'label': 'end', 'context': [<snowplow_tracker.self_describing_json.SelfDescribingJson object at 0x104bb5290>, <snowplow_tracker.self_describing_json.SelfDescribingJson object at 0x104b34790>, <snowplow_tracker.self_describing_json.SelfDescribingJson object at 0x104b2bf90>]}
[0m22:18:37.789809 [debug] [MainThread]: Flushing usage events
[0m22:19:27.396330 [debug] [MainThread]: Sending event: {'category': 'dbt', 'action': 'invocation', 'label': 'start', 'context': [<snowplow_tracker.self_describing_json.SelfDescribingJson object at 0x111afac50>, <snowplow_tracker.self_describing_json.SelfDescribingJson object at 0x111b566d0>, <snowplow_tracker.self_describing_json.SelfDescribingJson object at 0x111af9c50>]}


============================== 22:19:27.398306 | 3960ed9c-0910-4f8c-b766-458660fe9ff7 ==============================
[0m22:19:27.398306 [info ] [MainThread]: Running with dbt=1.8.7
[0m22:19:27.398592 [debug] [MainThread]: running dbt with arguments {'printer_width': '80', 'indirect_selection': 'eager', 'write_json': 'True', 'log_cache_events': 'False', 'partial_parse': 'True', 'cache_selected_only': 'False', 'profiles_dir': '.', 'debug': 'False', 'fail_fast': 'False', 'log_path': '/Users/liamtabibzadeh/Documents/hobby/SummaryAI/pipeline/transform/ecommerce_metrics/logs', 'warn_error': 'None', 'version_check': 'True', 'use_colors': 'True', 'use_experimental_parser': 'False', 'empty': 'None', 'quiet': 'False', 'no_print': 'None', 'warn_error_options': 'WarnErrorOptions(include=[], exclude=[])', 'invocation_command': 'dbt debug --profiles-dir .', 'introspect': 'True', 'static_parser': 'True', 'target_path': 'None', 'log_format': 'default', 'send_anonymous_usage_stats': 'True'}
[0m22:19:27.402038 [info ] [MainThread]: dbt version: 1.8.7
[0m22:19:27.402239 [info ] [MainThread]: python version: 3.11.5
[0m22:19:27.402396 [info ] [MainThread]: python path: /Users/liamtabibzadeh/anaconda3/bin/python
[0m22:19:27.402535 [info ] [MainThread]: os info: macOS-14.6.1-arm64-arm-64bit
[0m22:19:27.404834 [error] [MainThread]: Encountered an error:
Parsing Error
  Env var required but not provided: 'GCP_PROJECT'
[0m22:19:27.405516 [debug] [MainThread]: Resource report: {"command_name": "debug", "command_wall_clock_time": 0.038928416, "process_user_time": 0.508683, "process_kernel_time": 0.065605, "process_mem_max_rss": "95830016", "command_success": false, "process_in_blocks": "0", "process_out_blocks": "0"}
[0m22:19:27.405738 [debug] [MainThread]: Command `dbt debug` failed at 22:19:27.405700 after 0.04 seconds
[0m22:19:27.405892 [debug] [MainThread]: Sending event: {'category': 'dbt', 'action': 'invocation', 'label': 'end', 'context': [<snowplow_tracker.self_describing_json.SelfDescribingJson object at 0x111b7d6d0>, <snowplow_tracker.self_describing_json.SelfDescribingJson object at 0x111b7e350>, <snowplow_tracker.self_describing_json.SelfDescribingJson object at 0x111b7e250>]}
[0m22:19:27.406048 [debug] [MainThread]: Flushing usage events
[0m22:19:33.818944 [debug] [MainThread]: Sending event: {'category': 'dbt', 'action': 'invocation', 'label': 'start', 'context': [<snowplow_tracker.self_describing_json.SelfDescribingJson object at 0x104d77f90>, <snowplow_tracker.self_describing_json.SelfDescribingJson object at 0x104dc8510>, <snowplow_tracker.self_describing_json.SelfDescribingJson object at 0x104d75c50>]}


============================== 22:19:33.820801 | f19edf1b-8ded-4a41-9c60-1faefede4318 ==============================
[0m22:19:33.820801 [info ] [MainThread]: Running with dbt=1.8.7
[0m22:19:33.821090 [debug] [MainThread]: running dbt with arguments {'printer_width': '80', 'indirect_selection': 'eager', 'log_cache_events': 'False', 'write_json': 'True', 'partial_parse': 'True', 'cache_selected_only': 'False', 'warn_error': 'None', 'fail_fast': 'False', 'version_check': 'True', 'log_path': '/Users/liamtabibzadeh/Documents/hobby/SummaryAI/pipeline/transform/ecommerce_metrics/logs', 'profiles_dir': '.', 'debug': 'False', 'use_colors': 'True', 'use_experimental_parser': 'False', 'empty': 'None', 'quiet': 'False', 'no_print': 'None', 'warn_error_options': 'WarnErrorOptions(include=[], exclude=[])', 'static_parser': 'True', 'log_format': 'default', 'invocation_command': 'dbt debug --profiles-dir .', 'target_path': 'None', 'introspect': 'True', 'send_anonymous_usage_stats': 'True'}
[0m22:19:33.824475 [info ] [MainThread]: dbt version: 1.8.7
[0m22:19:33.824696 [info ] [MainThread]: python version: 3.11.5
[0m22:19:33.824857 [info ] [MainThread]: python path: /Users/liamtabibzadeh/anaconda3/bin/python
[0m22:19:33.824997 [info ] [MainThread]: os info: macOS-14.6.1-arm64-arm-64bit
[0m22:19:34.902285 [info ] [MainThread]: Using profiles dir at .
[0m22:19:34.902558 [info ] [MainThread]: Using profiles.yml file at ./profiles.yml
[0m22:19:34.902711 [info ] [MainThread]: Using dbt_project.yml file at /Users/liamtabibzadeh/Documents/hobby/SummaryAI/pipeline/transform/ecommerce_metrics/dbt_project.yml
[0m22:19:34.902843 [info ] [MainThread]: adapter type: bigquery
[0m22:19:34.902964 [info ] [MainThread]: adapter version: 1.8.2
[0m22:19:34.941199 [info ] [MainThread]: Configuration:
[0m22:19:34.941440 [info ] [MainThread]:   profiles.yml file [[32mOK found and valid[0m]
[0m22:19:34.941573 [info ] [MainThread]:   dbt_project.yml file [[32mOK found and valid[0m]
[0m22:19:34.941695 [info ] [MainThread]: Required dependencies:
[0m22:19:34.941853 [debug] [MainThread]: Executing "git --help"
[0m22:19:34.954067 [debug] [MainThread]: STDOUT: "b"usage: git [-v | --version] [-h | --help] [-C <path>] [-c <name>=<value>]\n           [--exec-path[=<path>]] [--html-path] [--man-path] [--info-path]\n           [-p | --paginate | -P | --no-pager] [--no-replace-objects] [--bare]\n           [--git-dir=<path>] [--work-tree=<path>] [--namespace=<name>]\n           [--super-prefix=<path>] [--config-env=<name>=<envvar>]\n           <command> [<args>]\n\nThese are common Git commands used in various situations:\n\nstart a working area (see also: git help tutorial)\n   clone     Clone a repository into a new directory\n   init      Create an empty Git repository or reinitialize an existing one\n\nwork on the current change (see also: git help everyday)\n   add       Add file contents to the index\n   mv        Move or rename a file, a directory, or a symlink\n   restore   Restore working tree files\n   rm        Remove files from the working tree and from the index\n\nexamine the history and state (see also: git help revisions)\n   bisect    Use binary search to find the commit that introduced a bug\n   diff      Show changes between commits, commit and working tree, etc\n   grep      Print lines matching a pattern\n   log       Show commit logs\n   show      Show various types of objects\n   status    Show the working tree status\n\ngrow, mark and tweak your common history\n   branch    List, create, or delete branches\n   commit    Record changes to the repository\n   merge     Join two or more development histories together\n   rebase    Reapply commits on top of another base tip\n   reset     Reset current HEAD to the specified state\n   switch    Switch branches\n   tag       Create, list, delete or verify a tag object signed with GPG\n\ncollaborate (see also: git help workflows)\n   fetch     Download objects and refs from another repository\n   pull      Fetch from and integrate with another repository or a local branch\n   push      Update remote refs along with associated objects\n\n'git help -a' and 'git help -g' list available subcommands and some\nconcept guides. See 'git help <command>' or 'git help <concept>'\nto read about a specific subcommand or concept.\nSee 'git help git' for an overview of the system.\n""
[0m22:19:34.954530 [debug] [MainThread]: STDERR: "b''"
[0m22:19:34.954703 [info ] [MainThread]:  - git [[32mOK found[0m]

[0m22:19:34.954880 [info ] [MainThread]: Connection:
[0m22:19:34.955048 [info ] [MainThread]:   method: service-account
[0m22:19:34.955169 [info ] [MainThread]:   database: pipeline-466508
[0m22:19:34.955287 [info ] [MainThread]:   execution_project: pipeline-466508
[0m22:19:34.955398 [info ] [MainThread]:   schema: ecommerce_analytics
[0m22:19:34.955504 [info ] [MainThread]:   location: US
[0m22:19:34.955610 [info ] [MainThread]:   priority: None
[0m22:19:34.955716 [info ] [MainThread]:   maximum_bytes_billed: None
[0m22:19:34.955821 [info ] [MainThread]:   impersonate_service_account: None
[0m22:19:34.955927 [info ] [MainThread]:   job_retry_deadline_seconds: None
[0m22:19:34.956034 [info ] [MainThread]:   job_retries: 1
[0m22:19:34.956137 [info ] [MainThread]:   job_creation_timeout_seconds: None
[0m22:19:34.956242 [info ] [MainThread]:   job_execution_timeout_seconds: 300
[0m22:19:34.956346 [info ] [MainThread]:   timeout_seconds: 300
[0m22:19:34.956450 [info ] [MainThread]:   client_id: None
[0m22:19:34.956555 [info ] [MainThread]:   token_uri: None
[0m22:19:34.956660 [info ] [MainThread]:   dataproc_region: None
[0m22:19:34.956767 [info ] [MainThread]:   dataproc_cluster_name: None
[0m22:19:34.956870 [info ] [MainThread]:   gcs_bucket: None
[0m22:19:34.956971 [info ] [MainThread]:   dataproc_batch: None
[0m22:19:34.957228 [info ] [MainThread]: Registered adapter: bigquery=1.8.2
[0m22:19:34.960486 [debug] [MainThread]: Acquiring new bigquery connection 'debug'
[0m22:19:34.961038 [debug] [MainThread]: Opening a new connection, currently in state init
[0m22:19:34.997680 [debug] [MainThread]: On debug: select 1 as id
[0m22:19:35.911631 [debug] [MainThread]: BigQuery adapter: https://console.cloud.google.com/bigquery?project=pipeline-466508&j=bq:US:ff9a9c15-3154-47bd-82d5-af78d1098a82&page=queryresults
[0m22:19:36.472800 [info ] [MainThread]:   Connection test: [[32mOK connection ok[0m]

[0m22:19:36.473457 [info ] [MainThread]: [32mAll checks passed![0m
[0m22:19:36.474222 [debug] [MainThread]: Resource report: {"command_name": "debug", "command_success": true, "command_wall_clock_time": 2.6844018, "process_user_time": 2.700323, "process_kernel_time": 0.459615, "process_mem_max_rss": "230735872", "process_in_blocks": "0", "process_out_blocks": "0"}
[0m22:19:36.474904 [debug] [MainThread]: Command `dbt debug` succeeded at 22:19:36.474798 after 2.69 seconds
[0m22:19:36.475322 [debug] [MainThread]: Connection 'debug' was properly closed.
[0m22:19:36.475753 [debug] [MainThread]: Sending event: {'category': 'dbt', 'action': 'invocation', 'label': 'end', 'context': [<snowplow_tracker.self_describing_json.SelfDescribingJson object at 0x104a29950>, <snowplow_tracker.self_describing_json.SelfDescribingJson object at 0x10129a1d0>, <snowplow_tracker.self_describing_json.SelfDescribingJson object at 0x12f183d50>]}
[0m22:19:36.476217 [debug] [MainThread]: Flushing usage events
